area,data,codice_NUTS1,codice_NUTS2,codice_regione_ISTAT,nome_area,dosi_pfizer,dosi_moderna,totale_pfizer,totale_moderna,totale_dosi
ABR,2020-12-27,ITF,ITF1,13,Abruzzo,135,0,135,0,135
ABR,2020-12-28,NA,NA,NA,NA,0,0,135,0,135
ABR,2020-12-29,NA,NA,NA,NA,0,0,135,0,135
ABR,2020-12-30,ITF,ITF1,13,Abruzzo,7800,0,7935,0,7935
ABR,2020-12-31,NA,NA,NA,NA,0,0,7935,0,7935
ABR,2021-01-01,NA,NA,NA,NA,0,0,7935,0,7935
ABR,2021-01-02,NA,NA,NA,NA,0,0,7935,0,7935
ABR,2021-01-03,NA,NA,NA,NA,0,0,7935,0,7935
ABR,2021-01-04,NA,NA,NA,NA,0,0,7935,0,7935
ABR,2021-01-05,ITF,ITF1,13,Abruzzo,3900,0,11835,0,11835
ABR,2021-01-06,NA,NA,NA,NA,0,0,11835,0,11835
ABR,2021-01-07,ITF,ITF1,13,Abruzzo,3900,0,15735,0,15735
ABR,2021-01-08,NA,NA,NA,NA,0,0,15735,0,15735
ABR,2021-01-09,NA,NA,NA,NA,0,0,15735,0,15735
ABR,2021-01-10,NA,NA,NA,NA,0,0,15735,0,15735
ABR,2021-01-11,ITF,ITF1,13,Abruzzo,3900,0,19635,0,19635
ABR,2021-01-12,ITF,ITF1,13,Abruzzo,4875,0,24510,0,24510
ABR,2021-01-13,ITF,ITF1,13,Abruzzo,0,1300,24510,1300,25810
ABR,2021-01-14,NA,NA,NA,NA,0,0,24510,1300,25810
ABR,2021-01-15,NA,NA,NA,NA,0,0,24510,1300,25810
ABR,2021-01-16,NA,NA,NA,NA,0,0,24510,1300,25810
ABR,2021-01-17,NA,NA,NA,NA,0,0,24510,1300,25810
ABR,2021-01-18,ITF,ITF1,13,Abruzzo,3510,0,28020,1300,29320
ABR,2021-01-19,NA,NA,NA,NA,0,0,28020,1300,29320
ABR,2021-01-20,ITF,ITF1,13,Abruzzo,3510,0,31530,1300,32830
ABR,2021-01-21,ITF,ITF1,13,Abruzzo,2340,0,33870,1300,35170
ABR,2021-01-22,NA,NA,NA,NA,0,0,33870,1300,35170
ABR,2021-01-23,NA,NA,NA,NA,0,0,33870,1300,35170
ABR,2021-01-24,NA,NA,NA,NA,0,0,33870,1300,35170
ABR,2021-01-25,NA,NA,NA,NA,0,0,33870,1300,35170
ABR,2021-01-26,ITF,ITF1,13,Abruzzo,1170,0,35040,1300,36340
ABR,2021-01-27,ITF,ITF1,13,Abruzzo,2340,0,37380,1300,38680
ABR,2021-01-28,NA,NA,NA,NA,0,0,37380,1300,38680
ABR,2021-01-29,NA,NA,NA,NA,0,0,37380,1300,38680
ABR,2021-01-30,NA,NA,NA,NA,0,0,37380,1300,38680
ABR,2021-01-31,NA,NA,NA,NA,0,0,37380,1300,38680
ABR,2021-02-01,NA,NA,NA,NA,0,0,37380,1300,38680
BAS,2020-12-27,ITF,ITF5,17,Basilicata,105,0,105,0,105
BAS,2020-12-28,NA,NA,NA,NA,0,0,105,0,105
BAS,2020-12-29,NA,NA,NA,NA,0,0,105,0,105
BAS,2020-12-30,NA,NA,NA,NA,0,0,105,0,105
BAS,2020-12-31,ITF,ITF5,17,Basilicata,4875,0,4980,0,4980
BAS,2021-01-01,NA,NA,NA,NA,0,0,4980,0,4980
BAS,2021-01-02,NA,NA,NA,NA,0,0,4980,0,4980
BAS,2021-01-03,NA,NA,NA,NA,0,0,4980,0,4980
BAS,2021-01-04,NA,NA,NA,NA,0,0,4980,0,4980
BAS,2021-01-05,ITF,ITF5,17,Basilicata,2925,0,7905,0,7905
BAS,2021-01-06,NA,NA,NA,NA,0,0,7905,0,7905
BAS,2021-01-07,NA,NA,NA,NA,0,0,7905,0,7905
BAS,2021-01-08,NA,NA,NA,NA,0,0,7905,0,7905
BAS,2021-01-09,NA,NA,NA,NA,0,0,7905,0,7905
BAS,2021-01-10,NA,NA,NA,NA,0,0,7905,0,7905
BAS,2021-01-11,ITF,ITF5,17,Basilicata,3900,0,11805,0,11805
BAS,2021-01-12,ITF,ITF5,17,Basilicata,1950,0,13755,0,13755
BAS,2021-01-13,NA,NA,NA,NA,0,0,13755,0,13755
BAS,2021-01-14,NA,NA,NA,NA,0,0,13755,0,13755
BAS,2021-01-15,NA,NA,NA,NA,0,0,13755,0,13755
BAS,2021-01-16,NA,NA,NA,NA,0,0,13755,0,13755
BAS,2021-01-17,NA,NA,NA,NA,0,0,13755,0,13755
BAS,2021-01-18,ITF,ITF5,17,Basilicata,2340,0,16095,0,16095
BAS,2021-01-19,ITF,ITF5,17,Basilicata,1170,0,17265,0,17265
BAS,2021-01-20,NA,NA,NA,NA,0,0,17265,0,17265
BAS,2021-01-21,NA,NA,NA,NA,0,0,17265,0,17265
BAS,2021-01-22,NA,NA,NA,NA,0,0,17265,0,17265
BAS,2021-01-23,NA,NA,NA,NA,0,0,17265,0,17265
BAS,2021-01-24,NA,NA,NA,NA,0,0,17265,0,17265
BAS,2021-01-25,ITF,ITF5,17,Basilicata,1170,0,18435,0,18435
BAS,2021-01-26,NA,NA,NA,NA,0,0,18435,0,18435
BAS,2021-01-27,ITF,ITF5,17,Basilicata,2340,0,20775,0,20775
BAS,2021-01-28,NA,NA,NA,NA,0,0,20775,0,20775
BAS,2021-01-29,NA,NA,NA,NA,0,0,20775,0,20775
BAS,2021-01-30,NA,NA,NA,NA,0,0,20775,0,20775
BAS,2021-01-31,NA,NA,NA,NA,0,0,20775,0,20775
BAS,2021-02-01,NA,NA,NA,NA,0,0,20775,0,20775
CAL,2020-12-27,ITF,ITF6,18,Calabria,280,0,280,0,280
CAL,2020-12-28,NA,NA,NA,NA,0,0,280,0,280
CAL,2020-12-29,NA,NA,NA,NA,0,0,280,0,280
CAL,2020-12-30,NA,NA,NA,NA,0,0,280,0,280
CAL,2020-12-31,ITF,ITF6,18,Calabria,8775,0,9055,0,9055
CAL,2021-01-01,ITF,ITF6,18,Calabria,3900,0,12955,0,12955
CAL,2021-01-02,NA,NA,NA,NA,0,0,12955,0,12955
CAL,2021-01-03,NA,NA,NA,NA,0,0,12955,0,12955
CAL,2021-01-04,NA,NA,NA,NA,0,0,12955,0,12955
CAL,2021-01-05,ITF,ITF6,18,Calabria,12675,0,25630,0,25630
CAL,2021-01-06,NA,NA,NA,NA,0,0,25630,0,25630
CAL,2021-01-07,NA,NA,NA,NA,0,0,25630,0,25630
CAL,2021-01-08,NA,NA,NA,NA,0,0,25630,0,25630
CAL,2021-01-09,NA,NA,NA,NA,0,0,25630,0,25630
CAL,2021-01-10,NA,NA,NA,NA,0,0,25630,0,25630
CAL,2021-01-11,NA,NA,NA,NA,0,0,25630,0,25630
CAL,2021-01-12,ITF,ITF6,18,Calabria,13650,0,39280,0,39280
CAL,2021-01-13,NA,NA,NA,NA,0,0,39280,0,39280
CAL,2021-01-14,NA,NA,NA,NA,0,0,39280,0,39280
CAL,2021-01-15,NA,NA,NA,NA,0,0,39280,0,39280
CAL,2021-01-16,NA,NA,NA,NA,0,0,39280,0,39280
CAL,2021-01-17,NA,NA,NA,NA,0,0,39280,0,39280
CAL,2021-01-18,NA,NA,NA,NA,0,0,39280,0,39280
CAL,2021-01-19,ITF,ITF6,18,Calabria,8190,0,47470,0,47470
CAL,2021-01-20,ITF,ITF6,18,Calabria,1170,0,48640,0,48640
CAL,2021-01-21,NA,NA,NA,NA,0,0,48640,0,48640
CAL,2021-01-22,NA,NA,NA,NA,0,0,48640,0,48640
CAL,2021-01-23,NA,NA,NA,NA,0,0,48640,0,48640
CAL,2021-01-24,NA,NA,NA,NA,0,0,48640,0,48640
CAL,2021-01-25,NA,NA,NA,NA,0,0,48640,0,48640
CAL,2021-01-26,ITF,ITF6,18,Calabria,1170,0,49810,0,49810
CAL,2021-01-27,ITF,ITF6,18,Calabria,12870,0,62680,0,62680
CAL,2021-01-28,NA,NA,NA,NA,0,0,62680,0,62680
CAL,2021-01-29,NA,NA,NA,NA,0,0,62680,0,62680
CAL,2021-01-30,NA,NA,NA,NA,0,0,62680,0,62680
CAL,2021-01-31,NA,NA,NA,NA,0,0,62680,0,62680
CAL,2021-02-01,NA,NA,NA,NA,0,0,62680,0,62680
CAM,2020-12-27,ITF,ITF3,15,Campania,720,0,720,0,720
CAM,2020-12-28,NA,NA,NA,NA,0,0,720,0,720
CAM,2020-12-29,NA,NA,NA,NA,0,0,720,0,720
CAM,2020-12-30,ITF,ITF3,15,Campania,26325,0,27045,0,27045
CAM,2020-12-31,ITF,ITF3,15,Campania,5850,0,32895,0,32895
CAM,2021-01-01,ITF,ITF3,15,Campania,975,0,33870,0,33870
CAM,2021-01-02,NA,NA,NA,NA,0,0,33870,0,33870
CAM,2021-01-03,NA,NA,NA,NA,0,0,33870,0,33870
CAM,2021-01-04,NA,NA,NA,NA,0,0,33870,0,33870
CAM,2021-01-05,ITF,ITF3,15,Campania,23400,0,57270,0,57270
CAM,2021-01-06,NA,NA,NA,NA,0,0,57270,0,57270
CAM,2021-01-07,ITF,ITF3,15,Campania,9750,0,67020,0,67020
CAM,2021-01-08,NA,NA,NA,NA,0,0,67020,0,67020
CAM,2021-01-09,NA,NA,NA,NA,0,0,67020,0,67020
CAM,2021-01-10,NA,NA,NA,NA,0,0,67020,0,67020
CAM,2021-01-11,ITF,ITF3,15,Campania,6825,0,73845,0,73845
CAM,2021-01-12,ITF,ITF3,15,Campania,27300,0,101145,0,101145
CAM,2021-01-13,ITF,ITF3,15,Campania,0,8200,101145,8200,109345
CAM,2021-01-14,NA,NA,NA,NA,0,0,101145,8200,109345
CAM,2021-01-15,NA,NA,NA,NA,0,0,101145,8200,109345
CAM,2021-01-16,NA,NA,NA,NA,0,0,101145,8200,109345
CAM,2021-01-17,NA,NA,NA,NA,0,0,101145,8200,109345
CAM,2021-01-18,ITF,ITF3,15,Campania,10530,0,111675,8200,119875
CAM,2021-01-19,NA,NA,NA,NA,0,0,111675,8200,119875
CAM,2021-01-20,ITF,ITF3,15,Campania,14040,0,125715,8200,133915
CAM,2021-01-21,ITF,ITF3,15,Campania,14040,0,139755,8200,147955
CAM,2021-01-22,NA,NA,NA,NA,0,0,139755,8200,147955
CAM,2021-01-23,NA,NA,NA,NA,0,0,139755,8200,147955
CAM,2021-01-24,NA,NA,NA,NA,0,0,139755,8200,147955
CAM,2021-01-25,ITF,ITF3,15,Campania,3510,0,143265,8200,151465
CAM,2021-01-26,ITF,ITF3,15,Campania,16380,0,159645,8200,167845
CAM,2021-01-27,ITF,ITF3,15,Campania,5850,0,165495,8200,173695
CAM,2021-01-28,NA,NA,NA,NA,0,0,165495,8200,173695
CAM,2021-01-29,ITF,ITF3,15,Campania,5850,0,171345,8200,179545
CAM,2021-01-30,NA,NA,NA,NA,0,0,171345,8200,179545
CAM,2021-01-31,NA,NA,NA,NA,0,0,171345,8200,179545
CAM,2021-02-01,NA,NA,NA,NA,0,0,171345,8200,179545
EMR,2020-12-27,ITH,ITH5,8,Emilia-Romagna,975,0,975,0,975
EMR,2020-12-28,NA,NA,NA,NA,0,0,975,0,975
EMR,2020-12-29,NA,NA,NA,NA,0,0,975,0,975
EMR,2020-12-30,ITH,ITH5,8,Emilia-Romagna,42900,0,43875,0,43875
EMR,2020-12-31,NA,NA,NA,NA,0,0,43875,0,43875
EMR,2021-01-01,NA,NA,NA,NA,0,0,43875,0,43875
EMR,2021-01-02,NA,NA,NA,NA,0,0,43875,0,43875
EMR,2021-01-03,NA,NA,NA,NA,0,0,43875,0,43875
EMR,2021-01-04,NA,NA,NA,NA,0,0,43875,0,43875
EMR,2021-01-05,ITH,ITH5,8,Emilia-Romagna,15600,0,59475,0,59475
EMR,2021-01-06,NA,NA,NA,NA,0,0,59475,0,59475
EMR,2021-01-07,ITH,ITH5,8,Emilia-Romagna,28275,0,87750,0,87750
EMR,2021-01-08,NA,NA,NA,NA,0,0,87750,0,87750
EMR,2021-01-09,NA,NA,NA,NA,0,0,87750,0,87750
EMR,2021-01-10,NA,NA,NA,NA,0,0,87750,0,87750
EMR,2021-01-11,ITH,ITH5,8,Emilia-Romagna,10725,0,98475,0,98475
EMR,2021-01-12,ITH,ITH5,8,Emilia-Romagna,33150,0,131625,0,131625
EMR,2021-01-13,ITH,ITH5,8,Emilia-Romagna,0,7400,131625,7400,139025
EMR,2021-01-14,NA,NA,NA,NA,0,0,131625,7400,139025
EMR,2021-01-15,NA,NA,NA,NA,0,0,131625,7400,139025
EMR,2021-01-16,NA,NA,NA,NA,0,0,131625,7400,139025
EMR,2021-01-17,NA,NA,NA,NA,0,0,131625,7400,139025
EMR,2021-01-18,ITH,ITH5,8,Emilia-Romagna,9360,0,140985,7400,148385
EMR,2021-01-19,NA,NA,NA,NA,0,0,140985,7400,148385
EMR,2021-01-20,ITH,ITH5,8,Emilia-Romagna,3510,0,144495,7400,151895
EMR,2021-01-21,ITH,ITH5,8,Emilia-Romagna,14040,0,158535,7400,165935
EMR,2021-01-22,NA,NA,NA,NA,0,0,158535,7400,165935
EMR,2021-01-23,NA,NA,NA,NA,0,0,158535,7400,165935
EMR,2021-01-24,NA,NA,NA,NA,0,0,158535,7400,165935
EMR,2021-01-25,NA,NA,NA,NA,0,0,158535,7400,165935
EMR,2021-01-26,ITH,ITH5,8,Emilia-Romagna,31590,0,190125,7400,197525
EMR,2021-01-27,ITH,ITH5,8,Emilia-Romagna,23400,0,213525,7400,220925
EMR,2021-01-28,NA,NA,NA,NA,0,0,213525,7400,220925
EMR,2021-01-29,NA,NA,NA,NA,0,0,213525,7400,220925
EMR,2021-01-30,NA,NA,NA,NA,0,0,213525,7400,220925
EMR,2021-01-31,NA,NA,NA,NA,0,0,213525,7400,220925
EMR,2021-02-01,NA,NA,NA,NA,0,0,213525,7400,220925
FVG,2020-12-27,ITH,ITH4,6,Friuli-Venezia Giulia,265,0,265,0,265
FVG,2020-12-28,NA,NA,NA,NA,0,0,265,0,265
FVG,2020-12-29,NA,NA,NA,NA,0,0,265,0,265
FVG,2020-12-30,ITH,ITH4,6,Friuli-Venezia Giulia,11700,0,11965,0,11965
FVG,2020-12-31,NA,NA,NA,NA,0,0,11965,0,11965
FVG,2021-01-01,NA,NA,NA,NA,0,0,11965,0,11965
FVG,2021-01-02,NA,NA,NA,NA,0,0,11965,0,11965
FVG,2021-01-03,NA,NA,NA,NA,0,0,11965,0,11965
FVG,2021-01-04,NA,NA,NA,NA,0,0,11965,0,11965
FVG,2021-01-05,ITH,ITH4,6,Friuli-Venezia Giulia,7800,0,19765,0,19765
FVG,2021-01-06,NA,NA,NA,NA,0,0,19765,0,19765
FVG,2021-01-07,ITH,ITH4,6,Friuli-Venezia Giulia,4875,0,24640,0,24640
FVG,2021-01-08,NA,NA,NA,NA,0,0,24640,0,24640
FVG,2021-01-09,NA,NA,NA,NA,0,0,24640,0,24640
FVG,2021-01-10,NA,NA,NA,NA,0,0,24640,0,24640
FVG,2021-01-11,ITH,ITH4,6,Friuli-Venezia Giulia,1950,0,26590,0,26590
FVG,2021-01-12,ITH,ITH4,6,Friuli-Venezia Giulia,10725,0,37315,0,37315
FVG,2021-01-13,NA,NA,NA,NA,0,0,37315,0,37315
FVG,2021-01-14,NA,NA,NA,NA,0,0,37315,0,37315
FVG,2021-01-15,NA,NA,NA,NA,0,0,37315,0,37315
FVG,2021-01-16,NA,NA,NA,NA,0,0,37315,0,37315
FVG,2021-01-17,NA,NA,NA,NA,0,0,37315,0,37315
FVG,2021-01-18,ITH,ITH4,6,Friuli-Venezia Giulia,2340,0,39655,0,39655
FVG,2021-01-19,NA,NA,NA,NA,0,0,39655,0,39655
FVG,2021-01-20,NA,NA,NA,NA,0,0,39655,0,39655
FVG,2021-01-21,ITH,ITH4,6,Friuli-Venezia Giulia,4680,0,44335,0,44335
FVG,2021-01-22,NA,NA,NA,NA,0,0,44335,0,44335
FVG,2021-01-23,NA,NA,NA,NA,0,0,44335,0,44335
FVG,2021-01-24,NA,NA,NA,NA,0,0,44335,0,44335
FVG,2021-01-25,NA,NA,NA,NA,0,0,44335,0,44335
FVG,2021-01-26,ITH,ITH4,6,Friuli-Venezia Giulia,9360,0,53695,0,53695
FVG,2021-01-27,ITH,ITH4,6,Friuli-Venezia Giulia,7020,0,60715,0,60715
FVG,2021-01-28,NA,NA,NA,NA,0,0,60715,0,60715
FVG,2021-01-29,NA,NA,NA,NA,0,0,60715,0,60715
FVG,2021-01-30,NA,NA,NA,NA,0,0,60715,0,60715
FVG,2021-01-31,NA,NA,NA,NA,0,0,60715,0,60715
FVG,2021-02-01,NA,NA,NA,NA,0,0,60715,0,60715
LAZ,2020-12-27,ITI,ITI4,12,Lazio,955,0,955,0,955
LAZ,2020-12-28,NA,NA,NA,NA,0,0,955,0,955
LAZ,2020-12-29,NA,NA,NA,NA,0,0,955,0,955
LAZ,2020-12-30,ITI,ITI4,12,Lazio,44850,0,45805,0,45805
LAZ,2020-12-31,NA,NA,NA,NA,0,0,45805,0,45805
LAZ,2021-01-01,NA,NA,NA,NA,0,0,45805,0,45805
LAZ,2021-01-02,NA,NA,NA,NA,0,0,45805,0,45805
LAZ,2021-01-03,NA,NA,NA,NA,0,0,45805,0,45805
LAZ,2021-01-04,NA,NA,NA,NA,0,0,45805,0,45805
LAZ,2021-01-05,ITI,ITI4,12,Lazio,15600,0,61405,0,61405
LAZ,2021-01-06,NA,NA,NA,NA,0,0,61405,0,61405
LAZ,2021-01-07,ITI,ITI4,12,Lazio,26325,0,87730,0,87730
LAZ,2021-01-08,NA,NA,NA,NA,0,0,87730,0,87730
LAZ,2021-01-09,NA,NA,NA,NA,0,0,87730,0,87730
LAZ,2021-01-10,NA,NA,NA,NA,0,0,87730,0,87730
LAZ,2021-01-11,ITI,ITI4,12,Lazio,6825,0,94555,0,94555
LAZ,2021-01-12,ITI,ITI4,12,Lazio,38025,0,132580,0,132580
LAZ,2021-01-13,ITI,ITI4,12,Lazio,0,7500,132580,7500,140080
LAZ,2021-01-14,NA,NA,NA,NA,0,0,132580,7500,140080
LAZ,2021-01-15,NA,NA,NA,NA,0,0,132580,7500,140080
LAZ,2021-01-16,NA,NA,NA,NA,0,0,132580,7500,140080
LAZ,2021-01-17,NA,NA,NA,NA,0,0,132580,7500,140080
LAZ,2021-01-18,ITI,ITI4,12,Lazio,5850,0,138430,7500,145930
LAZ,2021-01-19,NA,NA,NA,NA,0,0,138430,7500,145930
LAZ,2021-01-20,ITI,ITI4,12,Lazio,12870,0,151300,7500,158800
LAZ,2021-01-21,ITI,ITI4,12,Lazio,19890,0,171190,7500,178690
LAZ,2021-01-22,NA,NA,NA,NA,0,0,171190,7500,178690
LAZ,2021-01-23,NA,NA,NA,NA,0,0,171190,7500,178690
LAZ,2021-01-24,NA,NA,NA,NA,0,0,171190,7500,178690
LAZ,2021-01-25,NA,NA,NA,NA,0,0,171190,7500,178690
LAZ,2021-01-26,ITI,ITI4,12,Lazio,37440,0,208630,7500,216130
LAZ,2021-01-27,ITI,ITI4,12,Lazio,14040,0,222670,7500,230170
LAZ,2021-01-28,NA,NA,NA,NA,0,0,222670,7500,230170
LAZ,2021-01-29,NA,NA,NA,NA,0,0,222670,7500,230170
LAZ,2021-01-30,NA,NA,NA,NA,0,0,222670,7500,230170
LAZ,2021-01-31,NA,NA,NA,NA,0,0,222670,7500,230170
LAZ,2021-02-01,NA,NA,NA,NA,0,0,222670,7500,230170
LIG,2020-12-27,ITC,ITC3,7,Liguria,320,0,320,0,320
LIG,2020-12-28,NA,NA,NA,NA,0,0,320,0,320
LIG,2020-12-29,NA,NA,NA,NA,0,0,320,0,320
LIG,2020-12-30,ITC,ITC3,7,Liguria,15600,0,15920,0,15920
LIG,2020-12-31,NA,NA,NA,NA,0,0,15920,0,15920
LIG,2021-01-01,NA,NA,NA,NA,0,0,15920,0,15920
LIG,2021-01-02,NA,NA,NA,NA,0,0,15920,0,15920
LIG,2021-01-03,NA,NA,NA,NA,0,0,15920,0,15920
LIG,2021-01-04,NA,NA,NA,NA,0,0,15920,0,15920
LIG,2021-01-05,ITC,ITC3,7,Liguria,12675,0,28595,0,28595
LIG,2021-01-06,NA,NA,NA,NA,0,0,28595,0,28595
LIG,2021-01-07,ITC,ITC3,7,Liguria,1950,0,30545,0,30545
LIG,2021-01-08,NA,NA,NA,NA,0,0,30545,0,30545
LIG,2021-01-09,NA,NA,NA,NA,0,0,30545,0,30545
LIG,2021-01-10,NA,NA,NA,NA,0,0,30545,0,30545
LIG,2021-01-11,ITC,ITC3,7,Liguria,2925,0,33470,0,33470
LIG,2021-01-12,ITC,ITC3,7,Liguria,13650,0,47120,0,47120
LIG,2021-01-13,NA,NA,NA,NA,0,0,47120,0,47120
LIG,2021-01-14,NA,NA,NA,NA,0,0,47120,0,47120
LIG,2021-01-15,NA,NA,NA,NA,0,0,47120,0,47120
LIG,2021-01-16,NA,NA,NA,NA,0,0,47120,0,47120
LIG,2021-01-17,NA,NA,NA,NA,0,0,47120,0,47120
LIG,2021-01-18,ITC,ITC3,7,Liguria,2340,0,49460,0,49460
LIG,2021-01-19,NA,NA,NA,NA,0,0,49460,0,49460
LIG,2021-01-20,ITC,ITC3,7,Liguria,2340,0,51800,0,51800
LIG,2021-01-21,ITC,ITC3,7,Liguria,14040,0,65840,0,65840
LIG,2021-01-22,NA,NA,NA,NA,0,0,65840,0,65840
LIG,2021-01-23,NA,NA,NA,NA,0,0,65840,0,65840
LIG,2021-01-24,NA,NA,NA,NA,0,0,65840,0,65840
LIG,2021-01-25,NA,NA,NA,NA,0,0,65840,0,65840
LIG,2021-01-26,ITC,ITC3,7,Liguria,8190,0,74030,0,74030
LIG,2021-01-27,ITC,ITC3,7,Liguria,3510,0,77540,0,77540
LIG,2021-01-28,NA,NA,NA,NA,0,0,77540,0,77540
LIG,2021-01-29,NA,NA,NA,NA,0,0,77540,0,77540
LIG,2021-01-30,NA,NA,NA,NA,0,0,77540,0,77540
LIG,2021-01-31,NA,NA,NA,NA,0,0,77540,0,77540
LIG,2021-02-01,NA,NA,NA,NA,0,0,77540,0,77540
LOM,2020-12-27,ITC,ITC4,3,Lombardia,1620,0,1620,0,1620
LOM,2020-12-28,NA,NA,NA,NA,0,0,1620,0,1620
LOM,2020-12-29,NA,NA,NA,NA,0,0,1620,0,1620
LOM,2020-12-30,ITC,ITC4,3,Lombardia,78975,0,80595,0,80595
LOM,2020-12-31,NA,NA,NA,NA,0,0,80595,0,80595
LOM,2021-01-01,NA,NA,NA,NA,0,0,80595,0,80595
LOM,2021-01-02,NA,NA,NA,NA,0,0,80595,0,80595
LOM,2021-01-03,NA,NA,NA,NA,0,0,80595,0,80595
LOM,2021-01-04,NA,NA,NA,NA,0,0,80595,0,80595
LOM,2021-01-05,ITC,ITC4,3,Lombardia,30225,0,110820,0,110820
LOM,2021-01-06,NA,NA,NA,NA,0,0,110820,0,110820
LOM,2021-01-07,ITC,ITC4,3,Lombardia,43875,0,154695,0,154695
LOM,2021-01-08,NA,NA,NA,NA,0,0,154695,0,154695
LOM,2021-01-09,NA,NA,NA,NA,0,0,154695,0,154695
LOM,2021-01-10,NA,NA,NA,NA,0,0,154695,0,154695
LOM,2021-01-11,ITC,ITC4,3,Lombardia,1950,0,156645,0,156645
LOM,2021-01-12,ITC,ITC4,3,Lombardia,78975,0,235620,0,235620
LOM,2021-01-13,NA,NA,NA,NA,0,0,235620,0,235620
LOM,2021-01-14,NA,NA,NA,NA,0,0,235620,0,235620
LOM,2021-01-15,NA,NA,NA,NA,0,0,235620,0,235620
LOM,2021-01-16,NA,NA,NA,NA,0,0,235620,0,235620
LOM,2021-01-17,NA,NA,NA,NA,0,0,235620,0,235620
LOM,2021-01-18,ITC,ITC4,3,Lombardia,14040,0,249660,0,249660
LOM,2021-01-19,NA,NA,NA,NA,0,0,249660,0,249660
LOM,2021-01-20,ITC,ITC4,3,Lombardia,26910,0,276570,0,276570
LOM,2021-01-21,ITC,ITC4,3,Lombardia,29250,0,305820,0,305820
LOM,2021-01-22,NA,NA,NA,NA,0,0,305820,0,305820
LOM,2021-01-23,NA,NA,NA,NA,0,0,305820,0,305820
LOM,2021-01-24,NA,NA,NA,NA,0,0,305820,0,305820
LOM,2021-01-25,NA,NA,NA,NA,0,0,305820,0,305820
LOM,2021-01-26,ITC,ITC4,3,Lombardia,50310,0,356130,0,356130
LOM,2021-01-27,ITC,ITC4,3,Lombardia,23400,0,379530,0,379530
LOM,2021-01-28,NA,NA,NA,NA,0,0,379530,0,379530
LOM,2021-01-29,NA,NA,NA,NA,0,0,379530,0,379530
LOM,2021-01-30,NA,NA,NA,NA,0,0,379530,0,379530
LOM,2021-01-31,NA,NA,NA,NA,0,0,379530,0,379530
LOM,2021-02-01,NA,NA,NA,NA,0,0,379530,0,379530
MAR,2020-12-27,ITI,ITI3,11,Marche,200,0,200,0,200
MAR,2020-12-28,NA,NA,NA,NA,0,0,200,0,200
MAR,2020-12-29,NA,NA,NA,NA,0,0,200,0,200
MAR,2020-12-30,ITI,ITI3,11,Marche,8775,0,8975,0,8975
MAR,2020-12-31,NA,NA,NA,NA,0,0,8975,0,8975
MAR,2021-01-01,NA,NA,NA,NA,0,0,8975,0,8975
MAR,2021-01-02,NA,NA,NA,NA,0,0,8975,0,8975
MAR,2021-01-03,NA,NA,NA,NA,0,0,8975,0,8975
MAR,2021-01-04,NA,NA,NA,NA,0,0,8975,0,8975
MAR,2021-01-05,ITI,ITI3,11,Marche,6825,0,15800,0,15800
MAR,2021-01-06,NA,NA,NA,NA,0,0,15800,0,15800
MAR,2021-01-07,ITI,ITI3,11,Marche,1950,0,17750,0,17750
MAR,2021-01-08,NA,NA,NA,NA,0,0,17750,0,17750
MAR,2021-01-09,NA,NA,NA,NA,0,0,17750,0,17750
MAR,2021-01-10,NA,NA,NA,NA,0,0,17750,0,17750
MAR,2021-01-11,NA,NA,NA,NA,0,0,17750,0,17750
MAR,2021-01-12,ITI,ITI3,11,Marche,9750,0,27500,0,27500
MAR,2021-01-13,ITI,ITI3,11,Marche,0,1500,27500,1500,29000
MAR,2021-01-14,NA,NA,NA,NA,0,0,27500,1500,29000
MAR,2021-01-15,NA,NA,NA,NA,0,0,27500,1500,29000
MAR,2021-01-16,NA,NA,NA,NA,0,0,27500,1500,29000
MAR,2021-01-17,NA,NA,NA,NA,0,0,27500,1500,29000
MAR,2021-01-18,NA,NA,NA,NA,0,0,27500,1500,29000
MAR,2021-01-19,NA,NA,NA,NA,0,0,27500,1500,29000
MAR,2021-01-20,ITI,ITI3,11,Marche,2340,0,29840,1500,31340
MAR,2021-01-21,ITI,ITI3,11,Marche,8190,0,38030,1500,39530
MAR,2021-01-22,NA,NA,NA,NA,0,0,38030,1500,39530
MAR,2021-01-23,NA,NA,NA,NA,0,0,38030,1500,39530
MAR,2021-01-24,NA,NA,NA,NA,0,0,38030,1500,39530
MAR,2021-01-25,NA,NA,NA,NA,0,0,38030,1500,39530
MAR,2021-01-26,ITI,ITI3,11,Marche,1170,0,39200,1500,40700
MAR,2021-01-27,ITI,ITI3,11,Marche,4680,0,43880,1500,45380
MAR,2021-01-28,NA,NA,NA,NA,0,0,43880,1500,45380
MAR,2021-01-29,NA,NA,NA,NA,0,0,43880,1500,45380
MAR,2021-01-30,NA,NA,NA,NA,0,0,43880,1500,45380
MAR,2021-01-31,NA,NA,NA,NA,0,0,43880,1500,45380
MAR,2021-02-01,NA,NA,NA,NA,0,0,43880,1500,45380
MOL,2020-12-27,ITF,ITF2,14,Molise,50,0,50,0,50
MOL,2020-12-28,NA,NA,NA,NA,0,0,50,0,50
MOL,2020-12-29,NA,NA,NA,NA,0,0,50,0,50
MOL,2020-12-30,ITF,ITF2,14,Molise,975,0,1025,0,1025
MOL,2020-12-31,ITF,ITF2,14,Molise,1950,0,2975,0,2975
MOL,2021-01-01,NA,NA,NA,NA,0,0,2975,0,2975
MOL,2021-01-02,NA,NA,NA,NA,0,0,2975,0,2975
MOL,2021-01-03,NA,NA,NA,NA,0,0,2975,0,2975
MOL,2021-01-04,NA,NA,NA,NA,0,0,2975,0,2975
MOL,2021-01-05,ITF,ITF2,14,Molise,1950,0,4925,0,4925
MOL,2021-01-06,NA,NA,NA,NA,0,0,4925,0,4925
MOL,2021-01-07,NA,NA,NA,NA,0,0,4925,0,4925
MOL,2021-01-08,NA,NA,NA,NA,0,0,4925,0,4925
MOL,2021-01-09,NA,NA,NA,NA,0,0,4925,0,4925
MOL,2021-01-10,NA,NA,NA,NA,0,0,4925,0,4925
MOL,2021-01-11,ITF,ITF2,14,Molise,2925,0,7850,0,7850
MOL,2021-01-12,ITF,ITF2,14,Molise,975,0,8825,0,8825
MOL,2021-01-13,NA,NA,NA,NA,0,0,8825,0,8825
MOL,2021-01-14,NA,NA,NA,NA,0,0,8825,0,8825
MOL,2021-01-15,NA,NA,NA,NA,0,0,8825,0,8825
MOL,2021-01-16,NA,NA,NA,NA,0,0,8825,0,8825
MOL,2021-01-17,NA,NA,NA,NA,0,0,8825,0,8825
MOL,2021-01-18,ITF,ITF2,14,Molise,2340,0,11165,0,11165
MOL,2021-01-19,NA,NA,NA,NA,0,0,11165,0,11165
MOL,2021-01-20,ITF,ITF2,14,Molise,1170,0,12335,0,12335
MOL,2021-01-21,NA,NA,NA,NA,0,0,12335,0,12335
MOL,2021-01-22,NA,NA,NA,NA,0,0,12335,0,12335
MOL,2021-01-23,NA,NA,NA,NA,0,0,12335,0,12335
MOL,2021-01-24,NA,NA,NA,NA,0,0,12335,0,12335
MOL,2021-01-25,NA,NA,NA,NA,0,0,12335,0,12335
MOL,2021-01-26,NA,NA,NA,NA,0,0,12335,0,12335
MOL,2021-01-27,ITF,ITF2,14,Molise,1170,0,13505,0,13505
MOL,2021-01-28,NA,NA,NA,NA,0,0,13505,0,13505
MOL,2021-01-29,NA,NA,NA,NA,0,0,13505,0,13505
MOL,2021-01-30,NA,NA,NA,NA,0,0,13505,0,13505
MOL,2021-01-31,NA,NA,NA,NA,0,0,13505,0,13505
MOL,2021-02-01,NA,NA,NA,NA,0,0,13505,0,13505
PAB,2020-12-27,ITH,ITH1,4,Provincia Autonoma Bolzano / Bozen,145,0,145,0,145
PAB,2020-12-28,NA,NA,NA,NA,0,0,145,0,145
PAB,2020-12-29,NA,NA,NA,NA,0,0,145,0,145
PAB,2020-12-30,ITH,ITH1,4,Provincia Autonoma Bolzano / Bozen,5850,0,5995,0,5995
PAB,2020-12-31,NA,NA,NA,NA,0,0,5995,0,5995
PAB,2021-01-01,NA,NA,NA,NA,0,0,5995,0,5995
PAB,2021-01-02,NA,NA,NA,NA,0,0,5995,0,5995
PAB,2021-01-03,NA,NA,NA,NA,0,0,5995,0,5995
PAB,2021-01-04,NA,NA,NA,NA,0,0,5995,0,5995
PAB,2021-01-05,NA,NA,NA,NA,0,0,5995,0,5995
PAB,2021-01-06,NA,NA,NA,NA,0,0,5995,0,5995
PAB,2021-01-07,ITH,ITH1,4,Provincia Autonoma Bolzano / Bozen,6825,0,12820,0,12820
PAB,2021-01-08,NA,NA,NA,NA,0,0,12820,0,12820
PAB,2021-01-09,NA,NA,NA,NA,0,0,12820,0,12820
PAB,2021-01-10,NA,NA,NA,NA,0,0,12820,0,12820
PAB,2021-01-11,ITH,ITH1,4,Provincia Autonoma Bolzano / Bozen,6825,0,19645,0,19645
PAB,2021-01-12,NA,NA,NA,NA,0,0,19645,0,19645
PAB,2021-01-13,NA,NA,NA,NA,0,0,19645,0,19645
PAB,2021-01-14,NA,NA,NA,NA,0,0,19645,0,19645
PAB,2021-01-15,NA,NA,NA,NA,0,0,19645,0,19645
PAB,2021-01-16,NA,NA,NA,NA,0,0,19645,0,19645
PAB,2021-01-17,NA,NA,NA,NA,0,0,19645,0,19645
PAB,2021-01-18,NA,NA,NA,NA,0,0,19645,0,19645
PAB,2021-01-19,NA,NA,NA,NA,0,0,19645,0,19645
PAB,2021-01-20,NA,NA,NA,NA,0,0,19645,0,19645
PAB,2021-01-21,ITH,ITH1,4,Provincia Autonoma Bolzano / Bozen,3510,0,23155,0,23155
PAB,2021-01-22,NA,NA,NA,NA,0,0,23155,0,23155
PAB,2021-01-23,NA,NA,NA,NA,0,0,23155,0,23155
PAB,2021-01-24,NA,NA,NA,NA,0,0,23155,0,23155
PAB,2021-01-25,NA,NA,NA,NA,0,0,23155,0,23155
PAB,2021-01-26,ITH,ITH1,4,Provincia Autonoma Bolzano / Bozen,9360,0,32515,0,32515
PAB,2021-01-27,NA,NA,NA,NA,0,0,32515,0,32515
PAB,2021-01-28,NA,NA,NA,NA,0,0,32515,0,32515
PAB,2021-01-29,NA,NA,NA,NA,0,0,32515,0,32515
PAB,2021-01-30,NA,NA,NA,NA,0,0,32515,0,32515
PAB,2021-01-31,NA,NA,NA,NA,0,0,32515,0,32515
PAB,2021-02-01,NA,NA,NA,NA,0,0,32515,0,32515
PAT,2020-12-27,ITH,ITH2,4,Provincia Autonoma Trento,100,0,100,0,100
PAT,2020-12-28,NA,NA,NA,NA,0,0,100,0,100
PAT,2020-12-29,NA,NA,NA,NA,0,0,100,0,100
PAT,2020-12-30,ITH,ITH2,4,Provincia Autonoma Trento,4875,0,4975,0,4975
PAT,2020-12-31,NA,NA,NA,NA,0,0,4975,0,4975
PAT,2021-01-01,NA,NA,NA,NA,0,0,4975,0,4975
PAT,2021-01-02,NA,NA,NA,NA,0,0,4975,0,4975
PAT,2021-01-03,NA,NA,NA,NA,0,0,4975,0,4975
PAT,2021-01-04,NA,NA,NA,NA,0,0,4975,0,4975
PAT,2021-01-05,ITH,ITH2,4,Provincia Autonoma Trento,1950,0,6925,0,6925
PAT,2021-01-06,NA,NA,NA,NA,0,0,6925,0,6925
PAT,2021-01-07,ITH,ITH2,4,Provincia Autonoma Trento,2925,0,9850,0,9850
PAT,2021-01-08,NA,NA,NA,NA,0,0,9850,0,9850
PAT,2021-01-09,NA,NA,NA,NA,0,0,9850,0,9850
PAT,2021-01-10,NA,NA,NA,NA,0,0,9850,0,9850
PAT,2021-01-11,NA,NA,NA,NA,0,0,9850,0,9850
PAT,2021-01-12,ITH,ITH2,4,Provincia Autonoma Trento,5850,0,15700,0,15700
PAT,2021-01-13,NA,NA,NA,NA,0,0,15700,0,15700
PAT,2021-01-14,NA,NA,NA,NA,0,0,15700,0,15700
PAT,2021-01-15,NA,NA,NA,NA,0,0,15700,0,15700
PAT,2021-01-16,NA,NA,NA,NA,0,0,15700,0,15700
PAT,2021-01-17,NA,NA,NA,NA,0,0,15700,0,15700
PAT,2021-01-18,NA,NA,NA,NA,0,0,15700,0,15700
PAT,2021-01-19,NA,NA,NA,NA,0,0,15700,0,15700
PAT,2021-01-20,ITH,ITH2,4,Provincia Autonoma Trento,2340,0,18040,0,18040
PAT,2021-01-21,NA,NA,NA,NA,0,0,18040,0,18040
PAT,2021-01-22,NA,NA,NA,NA,0,0,18040,0,18040
PAT,2021-01-23,NA,NA,NA,NA,0,0,18040,0,18040
PAT,2021-01-24,NA,NA,NA,NA,0,0,18040,0,18040
PAT,2021-01-25,NA,NA,NA,NA,0,0,18040,0,18040
PAT,2021-01-26,NA,NA,NA,NA,0,0,18040,0,18040
PAT,2021-01-27,ITH,ITH2,4,Provincia Autonoma Trento,7020,0,25060,0,25060
PAT,2021-01-28,NA,NA,NA,NA,0,0,25060,0,25060
PAT,2021-01-29,NA,NA,NA,NA,0,0,25060,0,25060
PAT,2021-01-30,NA,NA,NA,NA,0,0,25060,0,25060
PAT,2021-01-31,NA,NA,NA,NA,0,0,25060,0,25060
PAT,2021-02-01,NA,NA,NA,NA,0,0,25060,0,25060
PIE,2020-12-27,ITC,ITC1,1,Piemonte,910,0,910,0,910
PIE,2020-12-28,NA,NA,NA,NA,0,0,910,0,910
PIE,2020-12-29,NA,NA,NA,NA,0,0,910,0,910
PIE,2020-12-30,ITC,ITC1,1,Piemonte,39975,0,40885,0,40885
PIE,2020-12-31,NA,NA,NA,NA,0,0,40885,0,40885
PIE,2021-01-01,NA,NA,NA,NA,0,0,40885,0,40885
PIE,2021-01-02,NA,NA,NA,NA,0,0,40885,0,40885
PIE,2021-01-03,NA,NA,NA,NA,0,0,40885,0,40885
PIE,2021-01-04,NA,NA,NA,NA,0,0,40885,0,40885
PIE,2021-01-05,ITC,ITC1,1,Piemonte,20475,0,61360,0,61360
PIE,2021-01-06,NA,NA,NA,NA,0,0,61360,0,61360
PIE,2021-01-07,ITC,ITC1,1,Piemonte,21450,0,82810,0,82810
PIE,2021-01-08,NA,NA,NA,NA,0,0,82810,0,82810
PIE,2021-01-09,NA,NA,NA,NA,0,0,82810,0,82810
PIE,2021-01-10,NA,NA,NA,NA,0,0,82810,0,82810
PIE,2021-01-11,NA,NA,NA,NA,0,0,82810,0,82810
PIE,2021-01-12,ITC,ITC1,1,Piemonte,40950,0,123760,0,123760
PIE,2021-01-13,NA,NA,NA,NA,0,0,123760,0,123760
PIE,2021-01-14,NA,NA,NA,NA,0,0,123760,0,123760
PIE,2021-01-15,NA,NA,NA,NA,0,0,123760,0,123760
PIE,2021-01-16,NA,NA,NA,NA,0,0,123760,0,123760
PIE,2021-01-17,NA,NA,NA,NA,0,0,123760,0,123760
PIE,2021-01-18,ITC,ITC1,1,Piemonte,10530,0,134290,0,134290
PIE,2021-01-19,ITC,ITC1,1,Piemonte,1170,0,135460,0,135460
PIE,2021-01-20,ITC,ITC1,1,Piemonte,15210,0,150670,0,150670
PIE,2021-01-21,ITC,ITC1,1,Piemonte,17550,0,168220,0,168220
PIE,2021-01-22,NA,NA,NA,NA,0,0,168220,0,168220
PIE,2021-01-23,NA,NA,NA,NA,0,0,168220,0,168220
PIE,2021-01-24,NA,NA,NA,NA,0,0,168220,0,168220
PIE,2021-01-25,NA,NA,NA,NA,0,0,168220,0,168220
PIE,2021-01-26,ITC,ITC1,1,Piemonte,18720,0,186940,0,186940
PIE,2021-01-27,ITC,ITC1,1,Piemonte,14040,0,200980,0,200980
PIE,2021-01-28,NA,NA,NA,NA,0,0,200980,0,200980
PIE,2021-01-29,NA,NA,NA,NA,0,0,200980,0,200980
PIE,2021-01-30,NA,NA,NA,NA,0,0,200980,0,200980
PIE,2021-01-31,NA,NA,NA,NA,0,0,200980,0,200980
PIE,2021-02-01,NA,NA,NA,NA,0,0,200980,0,200980
PUG,2020-12-27,ITF,ITF4,16,Puglia,505,0,505,0,505
PUG,2020-12-28,NA,NA,NA,NA,0,0,505,0,505
PUG,2020-12-29,NA,NA,NA,NA,0,0,505,0,505
PUG,2020-12-30,NA,NA,NA,NA,0,0,505,0,505
PUG,2020-12-31,ITF,ITF4,16,Puglia,21450,0,21955,0,21955
PUG,2021-01-01,ITF,ITF4,16,Puglia,3900,0,25855,0,25855
PUG,2021-01-02,NA,NA,NA,NA,0,0,25855,0,25855
PUG,2021-01-03,NA,NA,NA,NA,0,0,25855,0,25855
PUG,2021-01-04,NA,NA,NA,NA,0,0,25855,0,25855
PUG,2021-01-05,ITF,ITF4,16,Puglia,5850,0,31705,0,31705
PUG,2021-01-06,NA,NA,NA,NA,0,0,31705,0,31705
PUG,2021-01-07,ITF,ITF4,16,Puglia,16575,0,48280,0,48280
PUG,2021-01-08,NA,NA,NA,NA,0,0,48280,0,48280
PUG,2021-01-09,NA,NA,NA,NA,0,0,48280,0,48280
PUG,2021-01-10,NA,NA,NA,NA,0,0,48280,0,48280
PUG,2021-01-11,ITF,ITF4,16,Puglia,26325,0,74605,0,74605
PUG,2021-01-12,NA,NA,NA,NA,0,0,74605,0,74605
PUG,2021-01-13,NA,NA,NA,NA,0,0,74605,0,74605
PUG,2021-01-14,NA,NA,NA,NA,0,0,74605,0,74605
PUG,2021-01-15,NA,NA,NA,NA,0,0,74605,0,74605
PUG,2021-01-16,NA,NA,NA,NA,0,0,74605,0,74605
PUG,2021-01-17,NA,NA,NA,NA,0,0,74605,0,74605
PUG,2021-01-18,ITF,ITF4,16,Puglia,16380,0,90985,0,90985
PUG,2021-01-19,ITF,ITF4,16,Puglia,2340,0,93325,0,93325
PUG,2021-01-20,NA,NA,NA,NA,0,0,93325,0,93325
PUG,2021-01-21,NA,NA,NA,NA,0,0,93325,0,93325
PUG,2021-01-22,NA,NA,NA,NA,0,0,93325,0,93325
PUG,2021-01-23,NA,NA,NA,NA,0,0,93325,0,93325
PUG,2021-01-24,NA,NA,NA,NA,0,0,93325,0,93325
PUG,2021-01-25,ITF,ITF4,16,Puglia,11700,0,105025,0,105025
PUG,2021-01-26,ITF,ITF4,16,Puglia,7020,0,112045,0,112045
PUG,2021-01-27,ITF,ITF4,16,Puglia,8190,0,120235,0,120235
PUG,2021-01-28,NA,NA,NA,NA,0,0,120235,0,120235
PUG,2021-01-29,NA,NA,NA,NA,0,0,120235,0,120235
PUG,2021-01-30,NA,NA,NA,NA,0,0,120235,0,120235
PUG,2021-01-31,NA,NA,NA,NA,0,0,120235,0,120235
PUG,2021-02-01,NA,NA,NA,NA,0,0,120235,0,120235
SAR,2020-12-27,ITG,ITG2,20,Sardegna,180,0,180,0,180
SAR,2020-12-28,NA,NA,NA,NA,0,0,180,0,180
SAR,2020-12-29,NA,NA,NA,NA,0,0,180,0,180
SAR,2020-12-30,NA,NA,NA,NA,0,0,180,0,180
SAR,2020-12-31,ITG,ITG2,20,Sardegna,12675,0,12855,0,12855
SAR,2021-01-01,NA,NA,NA,NA,0,0,12855,0,12855
SAR,2021-01-02,NA,NA,NA,NA,0,0,12855,0,12855
SAR,2021-01-03,NA,NA,NA,NA,0,0,12855,0,12855
SAR,2021-01-04,NA,NA,NA,NA,0,0,12855,0,12855
SAR,2021-01-05,ITG,ITG2,20,Sardegna,6825,0,19680,0,19680
SAR,2021-01-06,NA,NA,NA,NA,0,0,19680,0,19680
SAR,2021-01-07,NA,NA,NA,NA,0,0,19680,0,19680
SAR,2021-01-08,NA,NA,NA,NA,0,0,19680,0,19680
SAR,2021-01-09,NA,NA,NA,NA,0,0,19680,0,19680
SAR,2021-01-10,NA,NA,NA,NA,0,0,19680,0,19680
SAR,2021-01-11,NA,NA,NA,NA,0,0,19680,0,19680
SAR,2021-01-12,ITG,ITG2,20,Sardegna,13650,0,33330,0,33330
SAR,2021-01-13,NA,NA,NA,NA,0,0,33330,0,33330
SAR,2021-01-14,NA,NA,NA,NA,0,0,33330,0,33330
SAR,2021-01-15,NA,NA,NA,NA,0,0,33330,0,33330
SAR,2021-01-16,NA,NA,NA,NA,0,0,33330,0,33330
SAR,2021-01-17,NA,NA,NA,NA,0,0,33330,0,33330
SAR,2021-01-18,NA,NA,NA,NA,0,0,33330,0,33330
SAR,2021-01-19,ITG,ITG2,20,Sardegna,7020,0,40350,0,40350
SAR,2021-01-20,NA,NA,NA,NA,0,0,40350,0,40350
SAR,2021-01-21,NA,NA,NA,NA,0,0,40350,0,40350
SAR,2021-01-22,NA,NA,NA,NA,0,0,40350,0,40350
SAR,2021-01-23,NA,NA,NA,NA,0,0,40350,0,40350
SAR,2021-01-24,NA,NA,NA,NA,0,0,40350,0,40350
SAR,2021-01-25,NA,NA,NA,NA,0,0,40350,0,40350
SAR,2021-01-26,ITG,ITG2,20,Sardegna,12870,0,53220,0,53220
SAR,2021-01-27,NA,NA,NA,NA,0,0,53220,0,53220
SAR,2021-01-28,NA,NA,NA,NA,0,0,53220,0,53220
SAR,2021-01-29,NA,NA,NA,NA,0,0,53220,0,53220
SAR,2021-01-30,NA,NA,NA,NA,0,0,53220,0,53220
SAR,2021-01-31,NA,NA,NA,NA,0,0,53220,0,53220
SAR,2021-02-01,NA,NA,NA,NA,0,0,53220,0,53220
SIC,2020-12-27,ITG,ITG1,19,Sicilia,685,0,685,0,685
SIC,2020-12-28,NA,NA,NA,NA,0,0,685,0,685
SIC,2020-12-29,NA,NA,NA,NA,0,0,685,0,685
SIC,2020-12-30,NA,NA,NA,NA,0,0,685,0,685
SIC,2020-12-31,ITG,ITG1,19,Sicilia,45825,0,46510,0,46510
SIC,2021-01-01,NA,NA,NA,NA,0,0,46510,0,46510
SIC,2021-01-02,NA,NA,NA,NA,0,0,46510,0,46510
SIC,2021-01-03,NA,NA,NA,NA,0,0,46510,0,46510
SIC,2021-01-04,NA,NA,NA,NA,0,0,46510,0,46510
SIC,2021-01-05,ITG,ITG1,19,Sicilia,32175,0,78685,0,78685
SIC,2021-01-06,NA,NA,NA,NA,0,0,78685,0,78685
SIC,2021-01-07,NA,NA,NA,NA,0,0,78685,0,78685
SIC,2021-01-08,NA,NA,NA,NA,0,0,78685,0,78685
SIC,2021-01-09,NA,NA,NA,NA,0,0,78685,0,78685
SIC,2021-01-10,NA,NA,NA,NA,0,0,78685,0,78685
SIC,2021-01-11,NA,NA,NA,NA,0,0,78685,0,78685
SIC,2021-01-12,ITG,ITG1,19,Sicilia,46800,0,125485,0,125485
SIC,2021-01-13,ITG,ITG1,19,Sicilia,0,6600,125485,6600,132085
SIC,2021-01-14,NA,NA,NA,NA,0,0,125485,6600,132085
SIC,2021-01-15,NA,NA,NA,NA,0,0,125485,6600,132085
SIC,2021-01-16,NA,NA,NA,NA,0,0,125485,6600,132085
SIC,2021-01-17,NA,NA,NA,NA,0,0,125485,6600,132085
SIC,2021-01-18,NA,NA,NA,NA,0,0,125485,6600,132085
SIC,2021-01-19,ITG,ITG1,19,Sicilia,35100,0,160585,6600,167185
SIC,2021-01-20,NA,NA,NA,NA,0,0,160585,6600,167185
SIC,2021-01-21,ITG,ITG1,19,Sicilia,2340,0,162925,6600,169525
SIC,2021-01-22,NA,NA,NA,NA,0,0,162925,6600,169525
SIC,2021-01-23,NA,NA,NA,NA,0,0,162925,6600,169525
SIC,2021-01-24,NA,NA,NA,NA,0,0,162925,6600,169525
SIC,2021-01-25,NA,NA,NA,NA,0,0,162925,6600,169525
SIC,2021-01-26,ITG,ITG1,19,Sicilia,11700,0,174625,6600,181225
SIC,2021-01-27,ITG,ITG1,19,Sicilia,19890,0,194515,6600,201115
SIC,2021-01-28,NA,NA,NA,NA,0,0,194515,6600,201115
SIC,2021-01-29,NA,NA,NA,NA,0,0,194515,6600,201115
SIC,2021-01-30,NA,NA,NA,NA,0,0,194515,6600,201115
SIC,2021-01-31,NA,NA,NA,NA,0,0,194515,6600,201115
SIC,2021-02-01,NA,NA,NA,NA,0,0,194515,6600,201115
TOS,2020-12-27,ITI,ITI1,9,Toscana,620,0,620,0,620
TOS,2020-12-28,NA,NA,NA,NA,0,0,620,0,620
TOS,2020-12-29,NA,NA,NA,NA,0,0,620,0,620
TOS,2020-12-30,ITI,ITI1,9,Toscana,27300,0,27920,0,27920
TOS,2020-12-31,NA,NA,NA,NA,0,0,27920,0,27920
TOS,2021-01-01,NA,NA,NA,NA,0,0,27920,0,27920
TOS,2021-01-02,NA,NA,NA,NA,0,0,27920,0,27920
TOS,2021-01-03,NA,NA,NA,NA,0,0,27920,0,27920
TOS,2021-01-04,NA,NA,NA,NA,0,0,27920,0,27920
TOS,2021-01-05,ITI,ITI1,9,Toscana,3900,0,31820,0,31820
TOS,2021-01-06,NA,NA,NA,NA,0,0,31820,0,31820
TOS,2021-01-07,ITI,ITI1,9,Toscana,20475,0,52295,0,52295
TOS,2021-01-08,NA,NA,NA,NA,0,0,52295,0,52295
TOS,2021-01-09,NA,NA,NA,NA,0,0,52295,0,52295
TOS,2021-01-10,NA,NA,NA,NA,0,0,52295,0,52295
TOS,2021-01-11,NA,NA,NA,NA,0,0,52295,0,52295
TOS,2021-01-12,ITI,ITI1,9,Toscana,28275,0,80570,0,80570
TOS,2021-01-13,ITI,ITI1,9,Toscana,0,5300,80570,5300,85870
TOS,2021-01-14,NA,NA,NA,NA,0,0,80570,5300,85870
TOS,2021-01-15,NA,NA,NA,NA,0,0,80570,5300,85870
TOS,2021-01-16,NA,NA,NA,NA,0,0,80570,5300,85870
TOS,2021-01-17,NA,NA,NA,NA,0,0,80570,5300,85870
TOS,2021-01-18,ITI,ITI1,9,Toscana,4680,0,85250,5300,90550
TOS,2021-01-19,NA,NA,NA,NA,0,0,85250,5300,90550
TOS,2021-01-20,ITI,ITI1,9,Toscana,7020,0,92270,5300,97570
TOS,2021-01-21,ITI,ITI1,9,Toscana,7020,0,99290,5300,104590
TOS,2021-01-22,NA,NA,NA,NA,0,0,99290,5300,104590
TOS,2021-01-23,NA,NA,NA,NA,0,0,99290,5300,104590
TOS,2021-01-24,NA,NA,NA,NA,0,0,99290,5300,104590
TOS,2021-01-25,NA,NA,NA,NA,0,0,99290,5300,104590
TOS,2021-01-26,ITI,ITI1,9,Toscana,23400,0,122690,5300,127990
TOS,2021-01-27,ITI,ITI1,9,Toscana,5850,0,128540,5300,133840
TOS,2021-01-28,NA,NA,NA,NA,0,0,128540,5300,133840
TOS,2021-01-29,NA,NA,NA,NA,0,0,128540,5300,133840
TOS,2021-01-30,NA,NA,NA,NA,0,0,128540,5300,133840
TOS,2021-01-31,NA,NA,NA,NA,0,0,128540,5300,133840
TOS,2021-02-01,NA,NA,NA,NA,0,0,128540,5300,133840
UMB,2020-12-27,ITI,ITI2,10,Umbria,85,0,85,0,85
UMB,2020-12-28,NA,NA,NA,NA,0,0,85,0,85
UMB,2020-12-29,NA,NA,NA,NA,0,0,85,0,85
UMB,2020-12-30,ITI,ITI2,10,Umbria,4875,0,4960,0,4960
UMB,2020-12-31,NA,NA,NA,NA,0,0,4960,0,4960
UMB,2021-01-01,NA,NA,NA,NA,0,0,4960,0,4960
UMB,2021-01-02,NA,NA,NA,NA,0,0,4960,0,4960
UMB,2021-01-03,NA,NA,NA,NA,0,0,4960,0,4960
UMB,2021-01-04,NA,NA,NA,NA,0,0,4960,0,4960
UMB,2021-01-05,ITI,ITI2,10,Umbria,4875,0,9835,0,9835
UMB,2021-01-06,NA,NA,NA,NA,0,0,9835,0,9835
UMB,2021-01-07,NA,NA,NA,NA,0,0,9835,0,9835
UMB,2021-01-08,NA,NA,NA,NA,0,0,9835,0,9835
UMB,2021-01-09,NA,NA,NA,NA,0,0,9835,0,9835
UMB,2021-01-10,NA,NA,NA,NA,0,0,9835,0,9835
UMB,2021-01-11,NA,NA,NA,NA,0,0,9835,0,9835
UMB,2021-01-12,ITI,ITI2,10,Umbria,5850,0,15685,0,15685
UMB,2021-01-13,ITI,ITI2,10,Umbria,0,1000,15685,1000,16685
UMB,2021-01-14,NA,NA,NA,NA,0,0,15685,1000,16685
UMB,2021-01-15,NA,NA,NA,NA,0,0,15685,1000,16685
UMB,2021-01-16,NA,NA,NA,NA,0,0,15685,1000,16685
UMB,2021-01-17,NA,NA,NA,NA,0,0,15685,1000,16685
UMB,2021-01-18,ITI,ITI2,10,Umbria,2340,0,18025,1000,19025
UMB,2021-01-19,NA,NA,NA,NA,0,0,18025,1000,19025
UMB,2021-01-20,ITI,ITI2,10,Umbria,3510,0,21535,1000,22535
UMB,2021-01-21,NA,NA,NA,NA,0,0,21535,1000,22535
UMB,2021-01-22,NA,NA,NA,NA,0,0,21535,1000,22535
UMB,2021-01-23,NA,NA,NA,NA,0,0,21535,1000,22535
UMB,2021-01-24,NA,NA,NA,NA,0,0,21535,1000,22535
UMB,2021-01-25,NA,NA,NA,NA,0,0,21535,1000,22535
UMB,2021-01-26,ITI,ITI2,10,Umbria,2340,0,23875,1000,24875
UMB,2021-01-27,NA,NA,NA,NA,0,0,23875,1000,24875
UMB,2021-01-28,NA,NA,NA,NA,0,0,23875,1000,24875
UMB,2021-01-29,NA,NA,NA,NA,0,0,23875,1000,24875
UMB,2021-01-30,NA,NA,NA,NA,0,0,23875,1000,24875
UMB,2021-01-31,NA,NA,NA,NA,0,0,23875,1000,24875
UMB,2021-02-01,NA,NA,NA,NA,0,0,23875,1000,24875
VDA,2020-12-27,ITC,ITC2,2,Valle d'Aosta / Vallée d'Aoste,20,0,20,0,20
VDA,2020-12-28,NA,NA,NA,NA,0,0,20,0,20
VDA,2020-12-29,NA,NA,NA,NA,0,0,20,0,20
VDA,2020-12-30,ITC,ITC2,2,Valle d'Aosta / Vallée d'Aoste,975,0,995,0,995
VDA,2020-12-31,NA,NA,NA,NA,0,0,995,0,995
VDA,2021-01-01,NA,NA,NA,NA,0,0,995,0,995
VDA,2021-01-02,NA,NA,NA,NA,0,0,995,0,995
VDA,2021-01-03,NA,NA,NA,NA,0,0,995,0,995
VDA,2021-01-04,NA,NA,NA,NA,0,0,995,0,995
VDA,2021-01-05,ITC,ITC2,2,Valle d'Aosta / Vallée d'Aoste,975,0,1970,0,1970
VDA,2021-01-06,NA,NA,NA,NA,0,0,1970,0,1970
VDA,2021-01-07,NA,NA,NA,NA,0,0,1970,0,1970
VDA,2021-01-08,NA,NA,NA,NA,0,0,1970,0,1970
VDA,2021-01-09,NA,NA,NA,NA,0,0,1970,0,1970
VDA,2021-01-10,NA,NA,NA,NA,0,0,1970,0,1970
VDA,2021-01-11,NA,NA,NA,NA,0,0,1970,0,1970
VDA,2021-01-12,ITC,ITC2,2,Valle d'Aosta / Vallée d'Aoste,1950,0,3920,0,3920
VDA,2021-01-13,ITC,ITC2,2,Valle d'Aosta / Vallée d'Aoste,0,200,3920,200,4120
VDA,2021-01-14,NA,NA,NA,NA,0,0,3920,200,4120
VDA,2021-01-15,NA,NA,NA,NA,0,0,3920,200,4120
VDA,2021-01-16,NA,NA,NA,NA,0,0,3920,200,4120
VDA,2021-01-17,NA,NA,NA,NA,0,0,3920,200,4120
VDA,2021-01-18,NA,NA,NA,NA,0,0,3920,200,4120
VDA,2021-01-19,NA,NA,NA,NA,0,0,3920,200,4120
VDA,2021-01-20,ITC,ITC2,2,Valle d'Aosta / Vallée d'Aoste,1170,0,5090,200,5290
VDA,2021-01-21,NA,NA,NA,NA,0,0,5090,200,5290
VDA,2021-01-22,NA,NA,NA,NA,0,0,5090,200,5290
VDA,2021-01-23,NA,NA,NA,NA,0,0,5090,200,5290
VDA,2021-01-24,NA,NA,NA,NA,0,0,5090,200,5290
VDA,2021-01-25,NA,NA,NA,NA,0,0,5090,200,5290
VDA,2021-01-26,ITC,ITC2,2,Valle d'Aosta / Vallée d'Aoste,1170,0,6260,200,6460
VDA,2021-01-27,NA,NA,NA,NA,0,0,6260,200,6460
VDA,2021-01-28,NA,NA,NA,NA,0,0,6260,200,6460
VDA,2021-01-29,NA,NA,NA,NA,0,0,6260,200,6460
VDA,2021-01-30,NA,NA,NA,NA,0,0,6260,200,6460
VDA,2021-01-31,NA,NA,NA,NA,0,0,6260,200,6460
VDA,2021-02-01,NA,NA,NA,NA,0,0,6260,200,6460
VEN,2020-12-27,ITH,ITH3,5,Veneto,875,0,875,0,875
VEN,2020-12-28,NA,NA,NA,NA,0,0,875,0,875
VEN,2020-12-29,NA,NA,NA,NA,0,0,875,0,875
VEN,2020-12-30,ITH,ITH3,5,Veneto,38025,0,38900,0,38900
VEN,2020-12-31,NA,NA,NA,NA,0,0,38900,0,38900
VEN,2021-01-01,NA,NA,NA,NA,0,0,38900,0,38900
VEN,2021-01-02,NA,NA,NA,NA,0,0,38900,0,38900
VEN,2021-01-03,NA,NA,NA,NA,0,0,38900,0,38900
VEN,2021-01-04,NA,NA,NA,NA,0,0,38900,0,38900
VEN,2021-01-05,ITH,ITH3,5,Veneto,4875,0,43775,0,43775
VEN,2021-01-06,NA,NA,NA,NA,0,0,43775,0,43775
VEN,2021-01-07,ITH,ITH3,5,Veneto,34125,0,77900,0,77900
VEN,2021-01-08,NA,NA,NA,NA,0,0,77900,0,77900
VEN,2021-01-09,NA,NA,NA,NA,0,0,77900,0,77900
VEN,2021-01-10,NA,NA,NA,NA,0,0,77900,0,77900
VEN,2021-01-11,NA,NA,NA,NA,0,0,77900,0,77900
VEN,2021-01-12,ITH,ITH3,5,Veneto,39000,0,116900,0,116900
VEN,2021-01-13,ITH,ITH3,5,Veneto,0,7800,116900,7800,124700
VEN,2021-01-14,NA,NA,NA,NA,0,0,116900,7800,124700
VEN,2021-01-15,NA,NA,NA,NA,0,0,116900,7800,124700
VEN,2021-01-16,NA,NA,NA,NA,0,0,116900,7800,124700
VEN,2021-01-17,NA,NA,NA,NA,0,0,116900,7800,124700
VEN,2021-01-18,NA,NA,NA,NA,0,0,116900,7800,124700
VEN,2021-01-19,NA,NA,NA,NA,0,0,116900,7800,124700
VEN,2021-01-20,ITH,ITH3,5,Veneto,7020,0,123920,7800,131720
VEN,2021-01-21,ITH,ITH3,5,Veneto,15210,0,139130,7800,146930
VEN,2021-01-22,NA,NA,NA,NA,0,0,139130,7800,146930
VEN,2021-01-23,NA,NA,NA,NA,0,0,139130,7800,146930
VEN,2021-01-24,NA,NA,NA,NA,0,0,139130,7800,146930
VEN,2021-01-25,NA,NA,NA,NA,0,0,139130,7800,146930
VEN,2021-01-26,ITH,ITH3,5,Veneto,14040,0,153170,7800,160970
VEN,2021-01-27,ITH,ITH3,5,Veneto,36270,0,189440,7800,197240
VEN,2021-01-28,NA,NA,NA,NA,0,0,189440,7800,197240
VEN,2021-01-29,NA,NA,NA,NA,0,0,189440,7800,197240
VEN,2021-01-30,NA,NA,NA,NA,0,0,189440,7800,197240
VEN,2021-01-31,NA,NA,NA,NA,0,0,189440,7800,197240
VEN,2021-02-01,NA,NA,NA,NA,0,0,189440,7800,197240
