data,fascia_anagrafica,fornitore,nuovi_vaccinati,sesso_maschile,sesso_femminile,operatori_sanitari,personale_non_sanitario,ospiti_rsa,over80,prima_dose,seconda_dose,codice_regione_ISTAT,vaccinati_totale,sesso_maschile_totale,sesso_femminile_totale,operatori_sanitari_totale,personale_non_sanitario_totale,ospiti_rsa_totale,over80_totale,prima_dose_totale,seconda_dose_totale,codice_regione_ISTAT_totale
2020-12-27,16-19,Moderna,0,0,0,0,0,0,0,0,0,0,0,0,0,0,0,0,0,0,0,0
2020-12-27,16-19,Pfizer/BioNTech,0,0,0,0,0,0,0,0,0,0,0,0,0,0,0,0,0,0,0,0
2020-12-27,20-29,Moderna,0,0,0,0,0,0,0,0,0,0,0,0,0,0,0,0,0,0,0,0
2020-12-27,20-29,Pfizer/BioNTech,653,239,414,583,65,5,0,653,0,214,653,239,414,583,65,5,0,653,0,214
2020-12-27,30-39,Moderna,0,0,0,0,0,0,0,0,0,0,0,0,0,0,0,0,0,0,0,0
2020-12-27,30-39,Pfizer/BioNTech,1025,461,564,942,79,4,0,1025,0,214,1025,461,564,942,79,4,0,1025,0,214
2020-12-27,40-49,Moderna,0,0,0,0,0,0,0,0,0,0,0,0,0,0,0,0,0,0,0,0
2020-12-27,40-49,Pfizer/BioNTech,1442,543,899,1305,130,7,0,1442,0,214,1442,543,899,1305,130,7,0,1442,0,214
2020-12-27,50-59,Moderna,0,0,0,0,0,0,0,0,0,0,0,0,0,0,0,0,0,0,0,0
2020-12-27,50-59,Pfizer/BioNTech,2125,903,1222,1925,185,15,0,2125,0,214,2125,903,1222,1925,185,15,0,2125,0,214
2020-12-27,60-69,Moderna,0,0,0,0,0,0,0,0,0,0,0,0,0,0,0,0,0,0,0,0
2020-12-27,60-69,Pfizer/BioNTech,1443,1048,395,1302,110,31,0,1443,0,214,1443,1048,395,1302,110,31,0,1443,0,214
2020-12-27,70-79,Moderna,0,0,0,0,0,0,0,0,0,0,0,0,0,0,0,0,0,0,0,0
2020-12-27,70-79,Pfizer/BioNTech,129,87,42,35,21,73,0,129,0,165,129,87,42,35,21,73,0,129,0,165
2020-12-27,80-89,Moderna,0,0,0,0,0,0,0,0,0,0,0,0,0,0,0,0,0,0,0,0
2020-12-27,80-89,Pfizer/BioNTech,117,27,90,1,2,112,2,117,0,119,117,27,90,1,2,112,2,117,0,119
2020-12-27,90+,Moderna,0,0,0,0,0,0,0,0,0,0,0,0,0,0,0,0,0,0,0,0
2020-12-27,90+,Pfizer/BioNTech,77,14,63,0,4,73,0,77,0,102,77,14,63,0,4,73,0,77,0,102
2020-12-28,16-19,Moderna,0,0,0,0,0,0,0,0,0,0,0,0,0,0,0,0,0,0,0,0
2020-12-28,16-19,Pfizer/BioNTech,0,0,0,0,0,0,0,0,0,0,0,0,0,0,0,0,0,0,0,0
2020-12-28,20-29,Moderna,0,0,0,0,0,0,0,0,0,0,0,0,0,0,0,0,0,0,0,0
2020-12-28,20-29,Pfizer/BioNTech,108,51,57,108,0,0,0,108,0,79,108,51,57,108,0,0,0,108,0,79
2020-12-28,30-39,Moderna,0,0,0,0,0,0,0,0,0,0,0,0,0,0,0,0,0,0,0,0
2020-12-28,30-39,Pfizer/BioNTech,168,81,87,168,0,0,0,168,0,79,168,81,87,168,0,0,0,168,0,79
2020-12-28,40-49,Moderna,0,0,0,0,0,0,0,0,0,0,0,0,0,0,0,0,0,0,0,0
2020-12-28,40-49,Pfizer/BioNTech,240,84,156,239,1,0,0,240,0,79,240,84,156,239,1,0,0,240,0,79
2020-12-28,50-59,Moderna,0,0,0,0,0,0,0,0,0,0,0,0,0,0,0,0,0,0,0,0
2020-12-28,50-59,Pfizer/BioNTech,282,122,160,278,4,0,0,282,0,79,282,122,160,278,4,0,0,282,0,79
2020-12-28,60-69,Moderna,0,0,0,0,0,0,0,0,0,0,0,0,0,0,0,0,0,0,0,0
2020-12-28,60-69,Pfizer/BioNTech,171,109,62,170,1,0,0,171,0,79,171,109,62,170,1,0,0,171,0,79
2020-12-28,70-79,Moderna,0,0,0,0,0,0,0,0,0,0,0,0,0,0,0,0,0,0,0,0
2020-12-28,70-79,Pfizer/BioNTech,0,0,0,0,0,0,0,0,0,0,0,0,0,0,0,0,0,0,0,0
2020-12-28,80-89,Moderna,0,0,0,0,0,0,0,0,0,0,0,0,0,0,0,0,0,0,0,0
2020-12-28,80-89,Pfizer/BioNTech,1,1,0,0,1,0,0,1,0,7,1,1,0,0,1,0,0,1,0,7
2020-12-28,90+,Moderna,0,0,0,0,0,0,0,0,0,0,0,0,0,0,0,0,0,0,0,0
2020-12-28,90+,Pfizer/BioNTech,0,0,0,0,0,0,0,0,0,0,0,0,0,0,0,0,0,0,0,0
2020-12-29,16-19,Moderna,0,0,0,0,0,0,0,0,0,0,0,0,0,0,0,0,0,0,0,0
2020-12-29,16-19,Pfizer/BioNTech,0,0,0,0,0,0,0,0,0,0,0,0,0,0,0,0,0,0,0,0
2020-12-29,20-29,Moderna,0,0,0,0,0,0,0,0,0,0,0,0,0,0,0,0,0,0,0,0
2020-12-29,20-29,Pfizer/BioNTech,72,20,52,72,0,0,0,72,0,61,72,20,52,72,0,0,0,72,0,61
2020-12-29,30-39,Moderna,0,0,0,0,0,0,0,0,0,0,0,0,0,0,0,0,0,0,0,0
2020-12-29,30-39,Pfizer/BioNTech,178,80,98,173,5,0,0,178,0,61,178,80,98,173,5,0,0,178,0,61
2020-12-29,40-49,Moderna,0,0,0,0,0,0,0,0,0,0,0,0,0,0,0,0,0,0,0,0
2020-12-29,40-49,Pfizer/BioNTech,199,79,120,197,2,0,0,199,0,61,199,79,120,197,2,0,0,199,0,61
2020-12-29,50-59,Moderna,0,0,0,0,0,0,0,0,0,0,0,0,0,0,0,0,0,0,0,0
2020-12-29,50-59,Pfizer/BioNTech,279,101,178,278,1,0,0,279,0,61,279,101,178,278,1,0,0,279,0,61
2020-12-29,60-69,Moderna,0,0,0,0,0,0,0,0,0,0,0,0,0,0,0,0,0,0,0,0
2020-12-29,60-69,Pfizer/BioNTech,167,111,56,166,1,0,0,167,0,61,167,111,56,166,1,0,0,167,0,61
2020-12-29,70-79,Moderna,0,0,0,0,0,0,0,0,0,0,0,0,0,0,0,0,0,0,0,0
2020-12-29,70-79,Pfizer/BioNTech,8,5,3,3,2,3,0,8,0,19,8,5,3,3,2,3,0,8,0,19
2020-12-29,80-89,Moderna,0,0,0,0,0,0,0,0,0,0,0,0,0,0,0,0,0,0,0,0
2020-12-29,80-89,Pfizer/BioNTech,9,1,8,0,0,9,0,9,0,7,9,1,8,0,0,9,0,9,0,7
2020-12-29,90+,Moderna,0,0,0,0,0,0,0,0,0,0,0,0,0,0,0,0,0,0,0,0
2020-12-29,90+,Pfizer/BioNTech,9,1,8,0,0,9,0,9,0,7,9,1,8,0,0,9,0,9,0,7
2020-12-30,16-19,Moderna,0,0,0,0,0,0,0,0,0,0,0,0,0,0,0,0,0,0,0,0
2020-12-30,16-19,Pfizer/BioNTech,2,2,0,0,0,2,0,2,0,9,2,2,0,0,0,2,0,2,0,9
2020-12-30,20-29,Moderna,0,0,0,0,0,0,0,0,0,0,0,0,0,0,0,0,0,0,0,0
2020-12-30,20-29,Pfizer/BioNTech,457,170,287,430,19,8,0,457,0,86,457,170,287,430,19,8,0,457,0,86
2020-12-30,30-39,Moderna,0,0,0,0,0,0,0,0,0,0,0,0,0,0,0,0,0,0,0,0
2020-12-30,30-39,Pfizer/BioNTech,834,347,487,804,21,9,0,834,0,70,834,347,487,804,21,9,0,834,0,70
2020-12-30,40-49,Moderna,0,0,0,0,0,0,0,0,0,0,0,0,0,0,0,0,0,0,0,0
2020-12-30,40-49,Pfizer/BioNTech,1191,406,785,1116,62,13,0,1191,0,97,1191,406,785,1116,62,13,0,1191,0,97
2020-12-30,50-59,Moderna,0,0,0,0,0,0,0,0,0,0,0,0,0,0,0,0,0,0,0,0
2020-12-30,50-59,Pfizer/BioNTech,1233,462,771,1131,85,17,0,1233,0,81,1233,462,771,1131,85,17,0,1233,0,81
2020-12-30,60-69,Moderna,0,0,0,0,0,0,0,0,0,0,0,0,0,0,0,0,0,0,0,0
2020-12-30,60-69,Pfizer/BioNTech,553,329,224,509,22,22,0,553,0,81,553,329,224,509,22,22,0,553,0,81
2020-12-30,70-79,Moderna,0,0,0,0,0,0,0,0,0,0,0,0,0,0,0,0,0,0,0,0
2020-12-30,70-79,Pfizer/BioNTech,90,53,37,39,0,51,0,90,0,39,90,53,37,39,0,51,0,90,0,39
2020-12-30,80-89,Moderna,0,0,0,0,0,0,0,0,0,0,0,0,0,0,0,0,0,0,0,0
2020-12-30,80-89,Pfizer/BioNTech,158,41,117,18,0,140,0,158,0,36,158,41,117,18,0,140,0,158,0,36
2020-12-30,90+,Moderna,0,0,0,0,0,0,0,0,0,0,0,0,0,0,0,0,0,0,0,0
2020-12-30,90+,Pfizer/BioNTech,94,14,80,9,0,85,0,94,0,26,94,14,80,9,0,85,0,94,0,26
2020-12-31,16-19,Moderna,0,0,0,0,0,0,0,0,0,0,0,0,0,0,0,0,0,0,0,0
2020-12-31,16-19,Pfizer/BioNTech,22,13,9,4,18,0,0,22,0,64,22,13,9,4,18,0,0,22,0,64
2020-12-31,20-29,Moderna,0,0,0,0,0,0,0,0,0,0,0,0,0,0,0,0,0,0,0,0
2020-12-31,20-29,Pfizer/BioNTech,2357,782,1575,2148,206,3,0,2357,0,132,2357,782,1575,2148,206,3,0,2357,0,132
2020-12-31,30-39,Moderna,0,0,0,0,0,0,0,0,0,0,0,0,0,0,0,0,0,0,0,0
2020-12-31,30-39,Pfizer/BioNTech,4249,1795,2454,3988,253,8,0,4249,0,152,4249,1795,2454,3988,253,8,0,4249,0,152
2020-12-31,40-49,Moderna,0,0,0,0,0,0,0,0,0,0,0,0,0,0,0,0,0,0,0,0
2020-12-31,40-49,Pfizer/BioNTech,5665,1885,3780,5225,407,33,0,5665,0,152,5665,1885,3780,5225,407,33,0,5665,0,152
2020-12-31,50-59,Moderna,0,0,0,0,0,0,0,0,0,0,0,0,0,0,0,0,0,0,0,0
2020-12-31,50-59,Pfizer/BioNTech,7046,2529,4517,6275,673,98,0,7046,0,152,7046,2529,4517,6275,673,98,0,7046,0,152
2020-12-31,60-69,Moderna,0,0,0,0,0,0,0,0,0,0,0,0,0,0,0,0,0,0,0,0
2020-12-31,60-69,Pfizer/BioNTech,3500,2160,1340,3021,279,200,0,3500,0,152,3500,2160,1340,3021,279,200,0,3500,0,152
2020-12-31,70-79,Moderna,0,0,0,0,0,0,0,0,0,0,0,0,0,0,0,0,0,0,0,0
2020-12-31,70-79,Pfizer/BioNTech,559,258,301,85,32,442,0,559,0,129,559,258,301,85,32,442,0,559,0,129
2020-12-31,80-89,Moderna,0,0,0,0,0,0,0,0,0,0,0,0,0,0,0,0,0,0,0,0
2020-12-31,80-89,Pfizer/BioNTech,1026,255,771,15,8,985,18,1026,0,83,1026,255,771,15,8,985,18,1026,0,83
2020-12-31,90+,Moderna,0,0,0,0,0,0,0,0,0,0,0,0,0,0,0,0,0,0,0,0
2020-12-31,90+,Pfizer/BioNTech,787,87,700,1,8,768,10,787,0,68,787,87,700,1,8,768,10,787,0,68
2021-01-01,16-19,Moderna,0,0,0,0,0,0,0,0,0,0,0,0,0,0,0,0,0,0,0,0
2021-01-01,16-19,Pfizer/BioNTech,2,0,2,1,0,1,0,2,0,12,2,0,2,1,0,1,0,2,0,12
2021-01-01,20-29,Moderna,0,0,0,0,0,0,0,0,0,0,0,0,0,0,0,0,0,0,0,0
2021-01-01,20-29,Pfizer/BioNTech,921,277,644,902,18,1,0,921,0,101,921,277,644,902,18,1,0,921,0,101
2021-01-01,30-39,Moderna,0,0,0,0,0,0,0,0,0,0,0,0,0,0,0,0,0,0,0,0
2021-01-01,30-39,Pfizer/BioNTech,1967,792,1175,1902,60,5,0,1967,0,121,1967,792,1175,1902,60,5,0,1967,0,121
2021-01-01,40-49,Moderna,0,0,0,0,0,0,0,0,0,0,0,0,0,0,0,0,0,0,0,0
2021-01-01,40-49,Pfizer/BioNTech,2438,838,1600,2371,55,12,0,2438,0,121,2438,838,1600,2371,55,12,0,2438,0,121
2021-01-01,50-59,Moderna,0,0,0,0,0,0,0,0,0,0,0,0,0,0,0,0,0,0,0,0
2021-01-01,50-59,Pfizer/BioNTech,3210,1179,2031,3055,125,30,0,3210,0,125,3210,1179,2031,3055,125,30,0,3210,0,125
2021-01-01,60-69,Moderna,0,0,0,0,0,0,0,0,0,0,0,0,0,0,0,0,0,0,0,0
2021-01-01,60-69,Pfizer/BioNTech,1698,940,758,1574,74,50,0,1698,0,121,1698,940,758,1574,74,50,0,1698,0,121
2021-01-01,70-79,Moderna,0,0,0,0,0,0,0,0,0,0,0,0,0,0,0,0,0,0,0,0
2021-01-01,70-79,Pfizer/BioNTech,184,115,69,69,2,113,0,184,0,53,184,115,69,69,2,113,0,184,0,53
2021-01-01,80-89,Moderna,0,0,0,0,0,0,0,0,0,0,0,0,0,0,0,0,0,0,0,0
2021-01-01,80-89,Pfizer/BioNTech,281,68,213,10,0,271,0,281,0,25,281,68,213,10,0,271,0,281,0,25
2021-01-01,90+,Moderna,0,0,0,0,0,0,0,0,0,0,0,0,0,0,0,0,0,0,0,0
2021-01-01,90+,Pfizer/BioNTech,325,47,278,3,0,322,0,325,0,25,325,47,278,3,0,322,0,325,0,25
2021-01-02,16-19,Moderna,0,0,0,0,0,0,0,0,0,0,0,0,0,0,0,0,0,0,0,0
2021-01-02,16-19,Pfizer/BioNTech,19,7,12,6,4,9,0,19,0,55,19,7,12,6,4,9,0,19,0,55
2021-01-02,20-29,Moderna,0,0,0,0,0,0,0,0,0,0,0,0,0,0,0,0,0,0,0,0
2021-01-02,20-29,Pfizer/BioNTech,3511,1166,2345,3310,174,27,0,3511,0,198,3511,1166,2345,3310,174,27,0,3511,0,198
2021-01-02,30-39,Moderna,0,0,0,0,0,0,0,0,0,0,0,0,0,0,0,0,0,0,0,0
2021-01-02,30-39,Pfizer/BioNTech,6925,2809,4116,6511,391,23,0,6925,0,198,6925,2809,4116,6511,391,23,0,6925,0,198
2021-01-02,40-49,Moderna,0,0,0,0,0,0,0,0,0,0,0,0,0,0,0,0,0,0,0,0
2021-01-02,40-49,Pfizer/BioNTech,8455,2911,5544,7910,526,19,0,8455,0,198,8455,2911,5544,7910,526,19,0,8455,0,198
2021-01-02,50-59,Moderna,0,0,0,0,0,0,0,0,0,0,0,0,0,0,0,0,0,0,0,0
2021-01-02,50-59,Pfizer/BioNTech,10809,3853,6956,9934,809,66,0,10809,0,198,10809,3853,6956,9934,809,66,0,10809,0,198
2021-01-02,60-69,Moderna,0,0,0,0,0,0,0,0,0,0,0,0,0,0,0,0,0,0,0,0
2021-01-02,60-69,Pfizer/BioNTech,6560,3775,2785,5863,543,154,0,6560,0,198,6560,3775,2785,5863,543,154,0,6560,0,198
2021-01-02,70-79,Moderna,0,0,0,0,0,0,0,0,0,0,0,0,0,0,0,0,0,0,0,0
2021-01-02,70-79,Pfizer/BioNTech,597,376,221,226,42,329,0,597,0,128,597,376,221,226,42,329,0,597,0,128
2021-01-02,80-89,Moderna,0,0,0,0,0,0,0,0,0,0,0,0,0,0,0,0,0,0,0,0
2021-01-02,80-89,Pfizer/BioNTech,801,221,580,24,18,759,0,801,0,91,801,221,580,24,18,759,0,801,0,91
2021-01-02,90+,Moderna,0,0,0,0,0,0,0,0,0,0,0,0,0,0,0,0,0,0,0,0
2021-01-02,90+,Pfizer/BioNTech,750,111,639,9,5,734,2,750,0,91,750,111,639,9,5,734,2,750,0,91
2021-01-03,16-19,Moderna,0,0,0,0,0,0,0,0,0,0,0,0,0,0,0,0,0,0,0,0
2021-01-03,16-19,Pfizer/BioNTech,0,0,0,0,0,0,0,0,0,0,0,0,0,0,0,0,0,0,0,0
2021-01-03,20-29,Moderna,0,0,0,0,0,0,0,0,0,0,0,0,0,0,0,0,0,0,0,0
2021-01-03,20-29,Pfizer/BioNTech,3453,1098,2355,3276,173,4,0,3453,0,176,3453,1098,2355,3276,173,4,0,3453,0,176
2021-01-03,30-39,Moderna,0,0,0,0,0,0,0,0,0,0,0,0,0,0,0,0,0,0,0,0
2021-01-03,30-39,Pfizer/BioNTech,6122,2538,3584,5778,338,6,0,6122,0,194,6122,2538,3584,5778,338,6,0,6122,0,194
2021-01-03,40-49,Moderna,0,0,0,0,0,0,0,0,0,0,0,0,0,0,0,0,0,0,0,0
2021-01-03,40-49,Pfizer/BioNTech,7763,2663,5100,7194,544,25,0,7763,0,176,7763,2663,5100,7194,544,25,0,7763,0,176
2021-01-03,50-59,Moderna,0,0,0,0,0,0,0,0,0,0,0,0,0,0,0,0,0,0,0,0
2021-01-03,50-59,Pfizer/BioNTech,10083,3459,6624,9262,766,55,0,10083,0,194,10083,3459,6624,9262,766,55,0,10083,0,194
2021-01-03,60-69,Moderna,0,0,0,0,0,0,0,0,0,0,0,0,0,0,0,0,0,0,0,0
2021-01-03,60-69,Pfizer/BioNTech,5961,3369,2592,5411,449,101,0,5961,0,194,5961,3369,2592,5411,449,101,0,5961,0,194
2021-01-03,70-79,Moderna,0,0,0,0,0,0,0,0,0,0,0,0,0,0,0,0,0,0,0,0
2021-01-03,70-79,Pfizer/BioNTech,530,352,178,260,34,236,0,530,0,163,530,352,178,260,34,236,0,530,0,163
2021-01-03,80-89,Moderna,0,0,0,0,0,0,0,0,0,0,0,0,0,0,0,0,0,0,0,0
2021-01-03,80-89,Pfizer/BioNTech,596,175,421,27,10,558,1,596,0,105,596,175,421,27,10,558,1,596,0,105
2021-01-03,90+,Moderna,0,0,0,0,0,0,0,0,0,0,0,0,0,0,0,0,0,0,0,0
2021-01-03,90+,Pfizer/BioNTech,532,71,461,7,2,523,0,532,0,83,532,71,461,7,2,523,0,532,0,83
2021-01-04,16-19,Moderna,0,0,0,0,0,0,0,0,0,0,0,0,0,0,0,0,0,0,0,0
2021-01-04,16-19,Pfizer/BioNTech,12,4,8,9,3,0,0,12,0,68,12,4,8,9,3,0,0,12,0,68
2021-01-04,20-29,Moderna,0,0,0,0,0,0,0,0,0,0,0,0,0,0,0,0,0,0,0,0
2021-01-04,20-29,Pfizer/BioNTech,5913,2007,3906,5489,415,9,0,5913,0,214,5913,2007,3906,5489,415,9,0,5913,0,214
2021-01-04,30-39,Moderna,0,0,0,0,0,0,0,0,0,0,0,0,0,0,0,0,0,0,0,0
2021-01-04,30-39,Pfizer/BioNTech,12075,5044,7031,11226,833,16,0,12075,0,214,12075,5044,7031,11226,833,16,0,12075,0,214
2021-01-04,40-49,Moderna,0,0,0,0,0,0,0,0,0,0,0,0,0,0,0,0,0,0,0,0
2021-01-04,40-49,Pfizer/BioNTech,14550,4895,9655,13286,1236,28,0,14550,0,214,14550,4895,9655,13286,1236,28,0,14550,0,214
2021-01-04,50-59,Moderna,0,0,0,0,0,0,0,0,0,0,0,0,0,0,0,0,0,0,0,0
2021-01-04,50-59,Pfizer/BioNTech,19914,6802,13112,17633,2160,121,0,19914,0,214,19914,6802,13112,17633,2160,121,0,19914,0,214
2021-01-04,60-69,Moderna,0,0,0,0,0,0,0,0,0,0,0,0,0,0,0,0,0,0,0,0
2021-01-04,60-69,Pfizer/BioNTech,11931,6557,5374,10601,1094,236,0,11931,0,214,11931,6557,5374,10601,1094,236,0,11931,0,214
2021-01-04,70-79,Moderna,0,0,0,0,0,0,0,0,0,0,0,0,0,0,0,0,0,0,0,0
2021-01-04,70-79,Pfizer/BioNTech,1107,712,395,458,75,574,0,1107,0,214,1107,712,395,458,75,574,0,1107,0,214
2021-01-04,80-89,Moderna,0,0,0,0,0,0,0,0,0,0,0,0,0,0,0,0,0,0,0,0
2021-01-04,80-89,Pfizer/BioNTech,1425,425,1000,53,36,1325,11,1425,0,131,1425,425,1000,53,36,1325,11,1425,0,131
2021-01-04,90+,Moderna,0,0,0,0,0,0,0,0,0,0,0,0,0,0,0,0,0,0,0,0
2021-01-04,90+,Pfizer/BioNTech,1316,193,1123,16,24,1271,5,1316,0,96,1316,193,1123,16,24,1271,5,1316,0,96
2021-01-05,16-19,Moderna,0,0,0,0,0,0,0,0,0,0,0,0,0,0,0,0,0,0,0,0
2021-01-05,16-19,Pfizer/BioNTech,22,14,8,11,11,0,0,22,0,61,22,14,8,11,11,0,0,22,0,61
2021-01-05,20-29,Moderna,0,0,0,0,0,0,0,0,0,0,0,0,0,0,0,0,0,0,0,0
2021-01-05,20-29,Pfizer/BioNTech,6794,2222,4572,6214,568,12,0,6794,0,214,6794,2222,4572,6214,568,12,0,6794,0,214
2021-01-05,30-39,Moderna,0,0,0,0,0,0,0,0,0,0,0,0,0,0,0,0,0,0,0,0
2021-01-05,30-39,Pfizer/BioNTech,13644,5441,8203,12470,1147,27,0,13644,0,214,13644,5441,8203,12470,1147,27,0,13644,0,214
2021-01-05,40-49,Moderna,0,0,0,0,0,0,0,0,0,0,0,0,0,0,0,0,0,0,0,0
2021-01-05,40-49,Pfizer/BioNTech,16638,5593,11045,14847,1741,50,0,16638,0,214,16638,5593,11045,14847,1741,50,0,16638,0,214
2021-01-05,50-59,Moderna,0,0,0,0,0,0,0,0,0,0,0,0,0,0,0,0,0,0,0,0
2021-01-05,50-59,Pfizer/BioNTech,22933,7704,15229,19887,2865,181,0,22933,0,214,22933,7704,15229,19887,2865,181,0,22933,0,214
2021-01-05,60-69,Moderna,0,0,0,0,0,0,0,0,0,0,0,0,0,0,0,0,0,0,0,0
2021-01-05,60-69,Pfizer/BioNTech,14113,7443,6670,12160,1576,377,0,14113,0,214,14113,7443,6670,12160,1576,377,0,14113,0,214
2021-01-05,70-79,Moderna,0,0,0,0,0,0,0,0,0,0,0,0,0,0,0,0,0,0,0,0
2021-01-05,70-79,Pfizer/BioNTech,1561,1000,561,696,135,730,0,1561,0,214,1561,1000,561,696,135,730,0,1561,0,214
2021-01-05,80-89,Moderna,0,0,0,0,0,0,0,0,0,0,0,0,0,0,0,0,0,0,0,0
2021-01-05,80-89,Pfizer/BioNTech,1846,583,1263,94,44,1700,8,1846,0,148,1846,583,1263,94,44,1700,8,1846,0,148
2021-01-05,90+,Moderna,0,0,0,0,0,0,0,0,0,0,0,0,0,0,0,0,0,0,0,0
2021-01-05,90+,Pfizer/BioNTech,1784,288,1496,33,22,1724,5,1784,0,107,1784,288,1496,33,22,1724,5,1784,0,107
2021-01-06,16-19,Moderna,0,0,0,0,0,0,0,0,0,0,0,0,0,0,0,0,0,0,0,0
2021-01-06,16-19,Pfizer/BioNTech,38,16,22,26,12,0,0,38,0,70,38,16,22,26,12,0,0,38,0,70
2021-01-06,20-29,Moderna,0,0,0,0,0,0,0,0,0,0,0,0,0,0,0,0,0,0,0,0
2021-01-06,20-29,Pfizer/BioNTech,6570,2205,4365,5854,677,39,0,6570,0,214,6570,2205,4365,5854,677,39,0,6570,0,214
2021-01-06,30-39,Moderna,0,0,0,0,0,0,0,0,0,0,0,0,0,0,0,0,0,0,0,0
2021-01-06,30-39,Pfizer/BioNTech,11266,4533,6733,10017,1192,57,0,11266,0,214,11266,4533,6733,10017,1192,57,0,11266,0,214
2021-01-06,40-49,Moderna,0,0,0,0,0,0,0,0,0,0,0,0,0,0,0,0,0,0,0,0
2021-01-06,40-49,Pfizer/BioNTech,12839,4293,8546,11086,1651,102,0,12839,0,214,12839,4293,8546,11086,1651,102,0,12839,0,214
2021-01-06,50-59,Moderna,0,0,0,0,0,0,0,0,0,0,0,0,0,0,0,0,0,0,0,0
2021-01-06,50-59,Pfizer/BioNTech,17796,5938,11858,14928,2676,192,0,17796,0,214,17796,5938,11858,14928,2676,192,0,17796,0,214
2021-01-06,60-69,Moderna,0,0,0,0,0,0,0,0,0,0,0,0,0,0,0,0,0,0,0,0
2021-01-06,60-69,Pfizer/BioNTech,11851,6410,5441,9996,1552,303,0,11851,0,214,11851,6410,5441,9996,1552,303,0,11851,0,214
2021-01-06,70-79,Moderna,0,0,0,0,0,0,0,0,0,0,0,0,0,0,0,0,0,0,0,0
2021-01-06,70-79,Pfizer/BioNTech,1698,1159,539,866,249,583,0,1698,0,210,1698,1159,539,866,249,583,0,1698,0,210
2021-01-06,80-89,Moderna,0,0,0,0,0,0,0,0,0,0,0,0,0,0,0,0,0,0,0,0
2021-01-06,80-89,Pfizer/BioNTech,1534,468,1066,64,107,1330,33,1534,0,196,1534,468,1066,64,107,1330,33,1534,0,196
2021-01-06,90+,Moderna,0,0,0,0,0,0,0,0,0,0,0,0,0,0,0,0,0,0,0,0
2021-01-06,90+,Pfizer/BioNTech,1425,224,1201,8,40,1342,35,1425,0,158,1425,224,1201,8,40,1342,35,1425,0,158
2021-01-07,16-19,Moderna,0,0,0,0,0,0,0,0,0,0,0,0,0,0,0,0,0,0,0,0
2021-01-07,16-19,Pfizer/BioNTech,31,18,13,25,5,1,0,31,0,119,31,18,13,25,5,1,0,31,0,119
2021-01-07,20-29,Moderna,0,0,0,0,0,0,0,0,0,0,0,0,0,0,0,0,0,0,0,0
2021-01-07,20-29,Pfizer/BioNTech,7670,2407,5263,6834,819,17,0,7670,0,214,7670,2407,5263,6834,819,17,0,7670,0,214
2021-01-07,30-39,Moderna,0,0,0,0,0,0,0,0,0,0,0,0,0,0,0,0,0,0,0,0
2021-01-07,30-39,Pfizer/BioNTech,15049,5851,9198,13234,1785,30,0,15049,0,214,15049,5851,9198,13234,1785,30,0,15049,0,214
2021-01-07,40-49,Moderna,0,0,0,0,0,0,0,0,0,0,0,0,0,0,0,0,0,0,0,0
2021-01-07,40-49,Pfizer/BioNTech,18975,5992,12983,16177,2710,88,0,18975,0,214,18975,5992,12983,16177,2710,88,0,18975,0,214
2021-01-07,50-59,Moderna,0,0,0,0,0,0,0,0,0,0,0,0,0,0,0,0,0,0,0,0
2021-01-07,50-59,Pfizer/BioNTech,26338,8488,17850,21742,4343,253,0,26338,0,214,26338,8488,17850,21742,4343,253,0,26338,0,214
2021-01-07,60-69,Moderna,0,0,0,0,0,0,0,0,0,0,0,0,0,0,0,0,0,0,0,0
2021-01-07,60-69,Pfizer/BioNTech,15461,7716,7745,12738,2280,443,0,15461,0,214,15461,7716,7745,12738,2280,443,0,15461,0,214
2021-01-07,70-79,Moderna,0,0,0,0,0,0,0,0,0,0,0,0,0,0,0,0,0,0,0,0
2021-01-07,70-79,Pfizer/BioNTech,2296,1456,840,911,244,1141,0,2296,0,214,2296,1456,840,911,244,1141,0,2296,0,214
2021-01-07,80-89,Moderna,0,0,0,0,0,0,0,0,0,0,0,0,0,0,0,0,0,0,0,0
2021-01-07,80-89,Pfizer/BioNTech,3026,864,2162,86,99,2775,66,3026,0,170,3026,864,2162,86,99,2775,66,3026,0,170
2021-01-07,90+,Moderna,0,0,0,0,0,0,0,0,0,0,0,0,0,0,0,0,0,0,0,0
2021-01-07,90+,Pfizer/BioNTech,2754,387,2367,11,21,2665,57,2754,0,152,2754,387,2367,11,21,2665,57,2754,0,152
2021-01-08,16-19,Moderna,0,0,0,0,0,0,0,0,0,0,0,0,0,0,0,0,0,0,0,0
2021-01-08,16-19,Pfizer/BioNTech,43,17,26,27,16,0,0,43,0,110,43,17,26,27,16,0,0,43,0,110
2021-01-08,20-29,Moderna,0,0,0,0,0,0,0,0,0,0,0,0,0,0,0,0,0,0,0,0
2021-01-08,20-29,Pfizer/BioNTech,9005,3006,5999,7664,1304,37,0,9005,0,214,9005,3006,5999,7664,1304,37,0,9005,0,214
2021-01-08,30-39,Moderna,0,0,0,0,0,0,0,0,0,0,0,0,0,0,0,0,0,0,0,0
2021-01-08,30-39,Pfizer/BioNTech,15362,5803,9559,12835,2472,55,0,15362,0,214,15362,5803,9559,12835,2472,55,0,15362,0,214
2021-01-08,40-49,Moderna,0,0,0,0,0,0,0,0,0,0,0,0,0,0,0,0,0,0,0,0
2021-01-08,40-49,Pfizer/BioNTech,19527,6242,13285,15734,3667,126,0,19527,0,214,19527,6242,13285,15734,3667,126,0,19527,0,214
2021-01-08,50-59,Moderna,0,0,0,0,0,0,0,0,0,0,0,0,0,0,0,0,0,0,0,0
2021-01-08,50-59,Pfizer/BioNTech,26788,8329,18459,21018,5432,338,0,26788,0,214,26788,8329,18459,21018,5432,338,0,26788,0,214
2021-01-08,60-69,Moderna,0,0,0,0,0,0,0,0,0,0,0,0,0,0,0,0,0,0,0,0
2021-01-08,60-69,Pfizer/BioNTech,16034,7879,8155,12629,2809,596,0,16034,0,214,16034,7879,8155,12629,2809,596,0,16034,0,214
2021-01-08,70-79,Moderna,0,0,0,0,0,0,0,0,0,0,0,0,0,0,0,0,0,0,0,0
2021-01-08,70-79,Pfizer/BioNTech,2653,1719,934,1156,400,1097,0,2653,0,214,2653,1719,934,1156,400,1097,0,2653,0,214
2021-01-08,80-89,Moderna,0,0,0,0,0,0,0,0,0,0,0,0,0,0,0,0,0,0,0,0
2021-01-08,80-89,Pfizer/BioNTech,3033,901,2132,125,131,2707,70,3033,0,214,3033,901,2132,125,131,2707,70,3033,0,214
2021-01-08,90+,Moderna,0,0,0,0,0,0,0,0,0,0,0,0,0,0,0,0,0,0,0,0
2021-01-08,90+,Pfizer/BioNTech,2649,376,2273,29,32,2527,61,2649,0,183,2649,376,2273,29,32,2527,61,2649,0,183
2021-01-09,16-19,Moderna,0,0,0,0,0,0,0,0,0,0,0,0,0,0,0,0,0,0,0,0
2021-01-09,16-19,Pfizer/BioNTech,76,39,37,43,31,2,0,76,0,132,76,39,37,43,31,2,0,76,0,132
2021-01-09,20-29,Moderna,0,0,0,0,0,0,0,0,0,0,0,0,0,0,0,0,0,0,0,0
2021-01-09,20-29,Pfizer/BioNTech,8878,2998,5880,7340,1512,26,0,8878,0,214,8878,2998,5880,7340,1512,26,0,8878,0,214
2021-01-09,30-39,Moderna,0,0,0,0,0,0,0,0,0,0,0,0,0,0,0,0,0,0,0,0
2021-01-09,30-39,Pfizer/BioNTech,13522,5359,8163,10713,2734,75,0,13522,0,214,13522,5359,8163,10713,2734,75,0,13522,0,214
2021-01-09,40-49,Moderna,0,0,0,0,0,0,0,0,0,0,0,0,0,0,0,0,0,0,0,0
2021-01-09,40-49,Pfizer/BioNTech,16433,5489,10944,12334,3913,186,0,16433,0,214,16433,5489,10944,12334,3913,186,0,16433,0,214
2021-01-09,50-59,Moderna,0,0,0,0,0,0,0,0,0,0,0,0,0,0,0,0,0,0,0,0
2021-01-09,50-59,Pfizer/BioNTech,22477,7564,14913,16641,5452,384,0,22477,0,214,22477,7564,14913,16641,5452,384,0,22477,0,214
2021-01-09,60-69,Moderna,0,0,0,0,0,0,0,0,0,0,0,0,0,0,0,0,0,0,0,0
2021-01-09,60-69,Pfizer/BioNTech,16949,9025,7924,13416,2885,648,0,16949,0,214,16949,9025,7924,13416,2885,648,0,16949,0,214
2021-01-09,70-79,Moderna,0,0,0,0,0,0,0,0,0,0,0,0,0,0,0,0,0,0,0,0
2021-01-09,70-79,Pfizer/BioNTech,3038,2048,990,1558,427,1053,0,3038,0,214,3038,2048,990,1558,427,1053,0,3038,0,214
2021-01-09,80-89,Moderna,0,0,0,0,0,0,0,0,0,0,0,0,0,0,0,0,0,0,0,0
2021-01-09,80-89,Pfizer/BioNTech,2929,906,2023,140,153,2611,25,2929,0,201,2929,906,2023,140,153,2611,25,2929,0,201
2021-01-09,90+,Moderna,0,0,0,0,0,0,0,0,0,0,0,0,0,0,0,0,0,0,0,0
2021-01-09,90+,Pfizer/BioNTech,2431,384,2047,23,36,2368,4,2431,0,183,2431,384,2047,23,36,2368,4,2431,0,183
2021-01-10,16-19,Moderna,0,0,0,0,0,0,0,0,0,0,0,0,0,0,0,0,0,0,0,0
2021-01-10,16-19,Pfizer/BioNTech,144,74,70,92,33,19,0,144,0,145,144,74,70,92,33,19,0,144,0,145
2021-01-10,20-29,Moderna,0,0,0,0,0,0,0,0,0,0,0,0,0,0,0,0,0,0,0,0
2021-01-10,20-29,Pfizer/BioNTech,7455,2680,4775,6139,1251,65,0,7455,0,214,7455,2680,4775,6139,1251,65,0,7455,0,214
2021-01-10,30-39,Moderna,0,0,0,0,0,0,0,0,0,0,0,0,0,0,0,0,0,0,0,0
2021-01-10,30-39,Pfizer/BioNTech,9920,3949,5971,7727,2130,63,0,9920,0,210,9920,3949,5971,7727,2130,63,0,9920,0,210
2021-01-10,40-49,Moderna,0,0,0,0,0,0,0,0,0,0,0,0,0,0,0,0,0,0,0,0
2021-01-10,40-49,Pfizer/BioNTech,11457,3890,7567,8422,2958,77,0,11457,0,210,11457,3890,7567,8422,2958,77,0,11457,0,210
2021-01-10,50-59,Moderna,0,0,0,0,0,0,0,0,0,0,0,0,0,0,0,0,0,0,0,0
2021-01-10,50-59,Pfizer/BioNTech,15267,5258,10009,11217,3926,124,0,15267,0,214,15267,5258,10009,11217,3926,124,0,15267,0,214
2021-01-10,60-69,Moderna,0,0,0,0,0,0,0,0,0,0,0,0,0,0,0,0,0,0,0,0
2021-01-10,60-69,Pfizer/BioNTech,10678,5561,5117,8396,2022,260,0,10678,0,210,10678,5561,5117,8396,2022,260,0,10678,0,210
2021-01-10,70-79,Moderna,0,0,0,0,0,0,0,0,0,0,0,0,0,0,0,0,0,0,0,0
2021-01-10,70-79,Pfizer/BioNTech,2219,1525,694,1306,397,516,0,2219,0,206,2219,1525,694,1306,397,516,0,2219,0,206
2021-01-10,80-89,Moderna,0,0,0,0,0,0,0,0,0,0,0,0,0,0,0,0,0,0,0,0
2021-01-10,80-89,Pfizer/BioNTech,1722,571,1151,104,179,1422,17,1722,0,193,1722,571,1151,104,179,1422,17,1722,0,193
2021-01-10,90+,Moderna,0,0,0,0,0,0,0,0,0,0,0,0,0,0,0,0,0,0,0,0
2021-01-10,90+,Pfizer/BioNTech,1357,254,1103,12,66,1277,2,1357,0,149,1357,254,1103,12,66,1277,2,1357,0,149
2021-01-11,16-19,Moderna,0,0,0,0,0,0,0,0,0,0,0,0,0,0,0,0,0,0,0,0
2021-01-11,16-19,Pfizer/BioNTech,83,33,50,68,15,0,0,83,0,143,83,33,50,68,15,0,0,83,0,143
2021-01-11,20-29,Moderna,0,0,0,0,0,0,0,0,0,0,0,0,0,0,0,0,0,0,0,0
2021-01-11,20-29,Pfizer/BioNTech,8306,2753,5553,6843,1409,54,0,8306,0,214,8306,2753,5553,6843,1409,54,0,8306,0,214
2021-01-11,30-39,Moderna,0,0,0,0,0,0,0,0,0,0,0,0,0,0,0,0,0,0,0,0
2021-01-11,30-39,Pfizer/BioNTech,11996,4625,7371,9572,2301,123,0,11996,0,214,11996,4625,7371,9572,2301,123,0,11996,0,214
2021-01-11,40-49,Moderna,0,0,0,0,0,0,0,0,0,0,0,0,0,0,0,0,0,0,0,0
2021-01-11,40-49,Pfizer/BioNTech,15593,4924,10669,11723,3698,172,0,15593,0,214,15593,4924,10669,11723,3698,172,0,15593,0,214
2021-01-11,50-59,Moderna,0,0,0,0,0,0,0,0,0,0,0,0,0,0,0,0,0,0,0,0
2021-01-11,50-59,Pfizer/BioNTech,21955,6744,15211,15924,5679,352,0,21955,0,214,21955,6744,15211,15924,5679,352,0,21955,0,214
2021-01-11,60-69,Moderna,0,0,0,0,0,0,0,0,0,0,0,0,0,0,0,0,0,0,0,0
2021-01-11,60-69,Pfizer/BioNTech,12970,6273,6697,9478,2901,591,0,12970,0,214,12970,6273,6697,9478,2901,591,0,12970,0,214
2021-01-11,70-79,Moderna,0,0,0,0,0,0,0,0,0,0,0,0,0,0,0,0,0,0,0,0
2021-01-11,70-79,Pfizer/BioNTech,3009,1910,1099,1386,457,1166,0,3009,0,214,3009,1910,1099,1386,457,1166,0,3009,0,214
2021-01-11,80-89,Moderna,0,0,0,0,0,0,0,0,0,0,0,0,0,0,0,0,0,0,0,0
2021-01-11,80-89,Pfizer/BioNTech,3709,1167,2542,172,229,2982,326,3709,0,214,3709,1167,2542,172,229,2982,326,3709,0,214
2021-01-11,90+,Moderna,0,0,0,0,0,0,0,0,0,0,0,0,0,0,0,0,0,0,0,0
2021-01-11,90+,Pfizer/BioNTech,2841,455,2386,18,92,2561,170,2841,0,183,2841,455,2386,18,92,2561,170,2841,0,183
2021-01-12,16-19,Moderna,0,0,0,0,0,0,0,0,0,0,0,0,0,0,0,0,0,0,0,0
2021-01-12,16-19,Pfizer/BioNTech,67,32,35,47,20,0,0,67,0,107,67,32,35,47,20,0,0,67,0,107
2021-01-12,20-29,Moderna,0,0,0,0,0,0,0,0,0,0,0,0,0,0,0,0,0,0,0,0
2021-01-12,20-29,Pfizer/BioNTech,8566,3059,5507,6815,1686,65,0,8566,0,214,8566,3059,5507,6815,1686,65,0,8566,0,214
2021-01-12,30-39,Moderna,0,0,0,0,0,0,0,0,0,0,0,0,0,0,0,0,0,0,0,0
2021-01-12,30-39,Pfizer/BioNTech,11780,4610,7170,8960,2748,72,0,11780,0,214,11780,4610,7170,8960,2748,72,0,11780,0,214
2021-01-12,40-49,Moderna,0,0,0,0,0,0,0,0,0,0,0,0,0,0,0,0,0,0,0,0
2021-01-12,40-49,Pfizer/BioNTech,15323,4902,10421,11139,4037,147,0,15323,0,214,15323,4902,10421,11139,4037,147,0,15323,0,214
2021-01-12,50-59,Moderna,0,0,0,0,0,0,0,0,0,0,0,0,0,0,0,0,0,0,0,0
2021-01-12,50-59,Pfizer/BioNTech,21045,6472,14573,14655,6115,275,0,21045,0,214,21045,6472,14573,14655,6115,275,0,21045,0,214
2021-01-12,60-69,Moderna,0,0,0,0,0,0,0,0,0,0,0,0,0,0,0,0,0,0,0,0
2021-01-12,60-69,Pfizer/BioNTech,12906,6338,6568,9282,3006,618,0,12906,0,214,12906,6338,6568,9282,3006,618,0,12906,0,214
2021-01-12,70-79,Moderna,0,0,0,0,0,0,0,0,0,0,0,0,0,0,0,0,0,0,0,0
2021-01-12,70-79,Pfizer/BioNTech,3561,2281,1280,1690,545,1326,0,3561,0,214,3561,2281,1280,1690,545,1326,0,3561,0,214
2021-01-12,80-89,Moderna,0,0,0,0,0,0,0,0,0,0,0,0,0,0,0,0,0,0,0,0
2021-01-12,80-89,Pfizer/BioNTech,4081,1214,2867,178,205,3414,284,4081,0,194,4081,1214,2867,178,205,3414,284,4081,0,194
2021-01-12,90+,Moderna,0,0,0,0,0,0,0,0,0,0,0,0,0,0,0,0,0,0,0,0
2021-01-12,90+,Pfizer/BioNTech,3558,577,2981,28,140,3275,115,3558,0,194,3558,577,2981,28,140,3275,115,3558,0,194
2021-01-13,16-19,Moderna,0,0,0,0,0,0,0,0,0,0,0,0,0,0,0,0,0,0,0,0
2021-01-13,16-19,Pfizer/BioNTech,138,60,78,84,40,14,0,138,0,152,138,60,78,84,40,14,0,138,0,152
2021-01-13,20-29,Moderna,0,0,0,0,0,0,0,0,0,0,0,0,0,0,0,0,0,0,0,0
2021-01-13,20-29,Pfizer/BioNTech,10127,3419,6708,7498,2533,96,0,10127,0,214,10127,3419,6708,7498,2533,96,0,10127,0,214
2021-01-13,30-39,Moderna,0,0,0,0,0,0,0,0,0,0,0,0,0,0,0,0,0,0,0,0
2021-01-13,30-39,Pfizer/BioNTech,13554,5170,8384,9918,3491,145,0,13554,0,214,13554,5170,8384,9918,3491,145,0,13554,0,214
2021-01-13,40-49,Moderna,0,0,0,0,0,0,0,0,0,0,0,0,0,0,0,0,0,0,0,0
2021-01-13,40-49,Pfizer/BioNTech,17269,5370,11899,11751,5289,229,0,17269,0,214,17269,5370,11899,11751,5289,229,0,17269,0,214
2021-01-13,50-59,Moderna,0,0,0,0,0,0,0,0,0,0,0,0,0,0,0,0,0,0,0,0
2021-01-13,50-59,Pfizer/BioNTech,23316,7045,16271,15477,7390,449,0,23316,0,214,23316,7045,16271,15477,7390,449,0,23316,0,214
2021-01-13,60-69,Moderna,0,0,0,0,0,0,0,0,0,0,0,0,0,0,0,0,0,0,0,0
2021-01-13,60-69,Pfizer/BioNTech,13722,6535,7187,9435,3557,730,0,13722,0,214,13722,6535,7187,9435,3557,730,0,13722,0,214
2021-01-13,70-79,Moderna,0,0,0,0,0,0,0,0,0,0,0,0,0,0,0,0,0,0,0,0
2021-01-13,70-79,Pfizer/BioNTech,4075,2499,1576,1703,688,1684,0,4075,0,214,4075,2499,1576,1703,688,1684,0,4075,0,214
2021-01-13,80-89,Moderna,0,0,0,0,0,0,0,0,0,0,0,0,0,0,0,0,0,0,0,0
2021-01-13,80-89,Pfizer/BioNTech,5600,1522,4078,254,381,4718,247,5600,0,194,5600,1522,4078,254,381,4718,247,5600,0,194
2021-01-13,90+,Moderna,0,0,0,0,0,0,0,0,0,0,0,0,0,0,0,0,0,0,0,0
2021-01-13,90+,Pfizer/BioNTech,4962,661,4301,80,237,4473,172,4962,0,194,4962,661,4301,80,237,4473,172,4962,0,194
2021-01-14,16-19,Moderna,0,0,0,0,0,0,0,0,0,0,0,0,0,0,0,0,0,0,0,0
2021-01-14,16-19,Pfizer/BioNTech,133,57,76,81,42,10,0,133,0,119,133,57,76,81,42,10,0,133,0,119
2021-01-14,20-29,Moderna,2,2,0,2,0,0,0,2,0,30,2,2,0,2,0,0,0,2,0,30
2021-01-14,20-29,Pfizer/BioNTech,10231,3495,6736,7337,2807,87,0,10231,0,214,10233,3497,6736,7339,2807,87,0,10233,0,244
2021-01-14,30-39,Moderna,8,5,3,8,0,0,0,8,0,19,8,5,3,8,0,0,0,8,0,19
2021-01-14,30-39,Pfizer/BioNTech,12966,4774,8192,9289,3591,86,0,12966,0,214,12974,4779,8195,9297,3591,86,0,12974,0,233
2021-01-14,40-49,Moderna,6,4,2,4,2,0,0,6,0,19,6,4,2,4,2,0,0,6,0,19
2021-01-14,40-49,Pfizer/BioNTech,16711,5026,11685,11173,5350,188,0,16711,0,214,16717,5030,11687,11177,5352,188,0,16717,0,233
2021-01-14,50-59,Moderna,19,7,12,19,0,0,0,19,0,19,19,7,12,19,0,0,0,19,0,19
2021-01-14,50-59,Pfizer/BioNTech,22261,6704,15557,14255,7520,486,0,22261,0,214,22280,6711,15569,14274,7520,486,0,22280,0,233
2021-01-14,60-69,Moderna,28,12,16,25,2,1,0,28,0,19,28,12,16,25,2,1,0,28,0,19
2021-01-14,60-69,Pfizer/BioNTech,12918,5857,7061,8311,3689,918,0,12918,0,214,12946,5869,7077,8336,3691,919,0,12946,0,233
2021-01-14,70-79,Moderna,3,1,2,0,0,3,0,3,0,19,3,1,2,0,0,3,0,3,0,19
2021-01-14,70-79,Pfizer/BioNTech,4296,2525,1771,1580,704,2012,0,4296,0,214,4299,2526,1773,1580,704,2015,0,4299,0,233
2021-01-14,80-89,Moderna,10,4,6,0,0,10,0,10,0,19,10,4,6,0,0,10,0,10,0,19
2021-01-14,80-89,Pfizer/BioNTech,6652,1908,4744,203,402,5495,552,6652,0,194,6662,1912,4750,203,402,5505,552,6662,0,213
2021-01-14,90+,Moderna,6,0,6,0,0,6,0,6,0,19,6,0,6,0,0,6,0,6,0,19
2021-01-14,90+,Pfizer/BioNTech,5691,862,4829,38,231,5127,295,5691,0,192,5697,862,4835,38,231,5133,295,5697,0,211
2021-01-15,16-19,Moderna,0,0,0,0,0,0,0,0,0,0,0,0,0,0,0,0,0,0,0,0
2021-01-15,16-19,Pfizer/BioNTech,99,44,55,56,34,9,0,99,0,137,99,44,55,56,34,9,0,99,0,137
2021-01-15,20-29,Moderna,145,40,105,116,28,1,0,145,0,64,145,40,105,116,28,1,0,145,0,64
2021-01-15,20-29,Pfizer/BioNTech,9993,3478,6515,7181,2669,143,0,9993,0,214,10138,3518,6620,7297,2697,144,0,10138,0,278
2021-01-15,30-39,Moderna,175,56,119,151,21,3,0,175,0,76,175,56,119,151,21,3,0,175,0,76
2021-01-15,30-39,Pfizer/BioNTech,12123,4584,7539,8490,3449,184,0,12123,0,214,12298,4640,7658,8641,3470,187,0,12298,0,290
2021-01-15,40-49,Moderna,213,77,136,168,43,2,0,213,0,76,213,77,136,168,43,2,0,213,0,76
2021-01-15,40-49,Pfizer/BioNTech,15698,4837,10861,10272,5180,246,0,15698,0,214,15911,4914,10997,10440,5223,248,0,15911,0,290
2021-01-15,50-59,Moderna,252,80,172,191,57,4,0,252,0,76,252,80,172,191,57,4,0,252,0,76
2021-01-15,50-59,Pfizer/BioNTech,20792,6292,14500,13177,7103,512,0,20792,0,214,21044,6372,14672,13368,7160,516,0,21044,0,290
2021-01-15,60-69,Moderna,161,69,92,118,28,15,0,161,0,67,161,69,92,118,28,15,0,161,0,67
2021-01-15,60-69,Pfizer/BioNTech,11913,5518,6395,7683,3355,875,0,11913,0,214,12074,5587,6487,7801,3383,890,0,12074,0,281
2021-01-15,70-79,Moderna,45,24,21,17,2,26,0,45,0,36,45,24,21,17,2,26,0,45,0,36
2021-01-15,70-79,Pfizer/BioNTech,4019,2390,1629,1466,772,1781,0,4019,0,214,4064,2414,1650,1483,774,1807,0,4064,0,250
2021-01-15,80-89,Moderna,66,20,46,3,0,63,0,66,0,25,66,20,46,3,0,63,0,66,0,25
2021-01-15,80-89,Pfizer/BioNTech,6901,2101,4800,153,449,4860,1439,6901,0,214,6967,2121,4846,156,449,4923,1439,6967,0,239
2021-01-15,90+,Moderna,35,5,30,0,0,35,0,35,0,17,35,5,30,0,0,35,0,35,0,17
2021-01-15,90+,Pfizer/BioNTech,5135,798,4337,27,258,4454,396,5135,0,192,5170,803,4367,27,258,4489,396,5170,0,209
2021-01-16,16-19,Moderna,1,1,0,0,1,0,0,1,0,19,1,1,0,0,1,0,0,1,0,19
2021-01-16,16-19,Pfizer/BioNTech,145,56,89,93,46,6,0,145,0,121,146,57,89,93,47,6,0,146,0,140
2021-01-16,20-29,Moderna,27,11,16,18,9,0,0,27,0,47,27,11,16,18,9,0,0,27,0,47
2021-01-16,20-29,Pfizer/BioNTech,7993,2693,5300,5968,1972,53,0,7993,0,214,8020,2704,5316,5986,1981,53,0,8020,0,261
2021-01-16,30-39,Moderna,42,15,27,29,13,0,0,42,0,47,42,15,27,29,13,0,0,42,0,47
2021-01-16,30-39,Pfizer/BioNTech,8651,3367,5284,6275,2292,84,0,8651,0,214,8693,3382,5311,6304,2305,84,0,8693,0,261
2021-01-16,40-49,Moderna,64,15,49,42,20,2,0,64,0,58,64,15,49,42,20,2,0,64,0,58
2021-01-16,40-49,Pfizer/BioNTech,10743,3580,7163,7225,3318,200,0,10743,0,214,10807,3595,7212,7267,3338,202,0,10807,0,272
2021-01-16,50-59,Moderna,101,33,68,65,33,3,0,101,0,49,101,33,68,65,33,3,0,101,0,49
2021-01-16,50-59,Pfizer/BioNTech,13736,4574,9162,8957,4378,401,0,13736,0,214,13837,4607,9230,9022,4411,404,0,13837,0,263
2021-01-16,60-69,Moderna,119,75,44,88,11,20,0,119,0,60,119,75,44,88,11,20,0,119,0,60
2021-01-16,60-69,Pfizer/BioNTech,9510,4704,4806,6562,2326,622,0,9510,0,214,9629,4779,4850,6650,2337,642,0,9629,0,274
2021-01-16,70-79,Moderna,51,24,27,6,0,45,0,51,0,60,51,24,27,6,0,45,0,51,0,60
2021-01-16,70-79,Pfizer/BioNTech,3546,2192,1354,1586,770,1190,0,3546,0,214,3597,2216,1381,1592,770,1235,0,3597,0,274
2021-01-16,80-89,Moderna,92,30,62,0,0,92,0,92,0,47,92,30,62,0,0,92,0,92,0,47
2021-01-16,80-89,Pfizer/BioNTech,5552,1981,3571,278,244,2953,2077,5552,0,214,5644,2011,3633,278,244,3045,2077,5644,0,261
2021-01-16,90+,Moderna,72,18,54,0,0,72,0,72,0,47,72,18,54,0,0,72,0,72,0,47
2021-01-16,90+,Pfizer/BioNTech,3302,632,2670,46,174,2598,484,3302,0,194,3374,650,2724,46,174,2670,484,3374,0,241
2021-01-17,16-19,Moderna,0,0,0,0,0,0,0,0,0,0,0,0,0,0,0,0,0,0,0,0
2021-01-17,16-19,Pfizer/BioNTech,81,33,48,56,21,4,0,81,0,93,81,33,48,56,21,4,0,81,0,93
2021-01-17,20-29,Moderna,27,11,16,9,17,1,0,27,0,19,27,11,16,9,17,1,0,27,0,19
2021-01-17,20-29,Pfizer/BioNTech,4909,1583,3326,3721,1157,31,0,4675,234,214,4936,1594,3342,3730,1174,32,0,4702,234,233
2021-01-17,30-39,Moderna,33,15,18,11,20,2,0,33,0,19,33,15,18,11,20,2,0,33,0,19
2021-01-17,30-39,Pfizer/BioNTech,4657,1864,2793,3556,1043,58,0,4138,519,214,4690,1879,2811,3567,1063,60,0,4171,519,233
2021-01-17,40-49,Moderna,35,10,25,8,23,4,0,35,0,43,35,10,25,8,23,4,0,35,0,43
2021-01-17,40-49,Pfizer/BioNTech,5816,1958,3858,4143,1596,77,0,5273,543,214,5851,1968,3883,4151,1619,81,0,5308,543,257
2021-01-17,50-59,Moderna,27,9,18,7,17,3,0,27,0,36,27,9,18,7,17,3,0,27,0,36
2021-01-17,50-59,Pfizer/BioNTech,7654,2700,4954,5366,2109,179,0,6815,839,214,7681,2709,4972,5373,2126,182,0,6842,839,250
2021-01-17,60-69,Moderna,26,12,14,7,9,10,0,26,0,34,26,12,14,7,9,10,0,26,0,34
2021-01-17,60-69,Pfizer/BioNTech,5352,2801,2551,3977,1135,240,0,4740,612,214,5378,2813,2565,3984,1144,250,0,4766,612,248
2021-01-17,70-79,Moderna,33,13,20,6,8,19,0,33,0,36,33,13,20,6,8,19,0,33,0,36
2021-01-17,70-79,Pfizer/BioNTech,1769,1130,639,934,369,466,0,1742,27,212,1802,1143,659,940,377,485,0,1775,27,248
2021-01-17,80-89,Moderna,70,19,51,1,8,61,0,70,0,36,70,19,51,1,8,61,0,70,0,36
2021-01-17,80-89,Pfizer/BioNTech,3816,1575,2241,133,152,1157,2374,3802,14,170,3886,1594,2292,134,160,1218,2374,3872,14,206
2021-01-17,90+,Moderna,39,6,33,0,9,30,0,39,0,47,39,6,33,0,9,30,0,39,0,47
2021-01-17,90+,Pfizer/BioNTech,1652,377,1275,15,61,1072,504,1643,9,166,1691,383,1308,15,70,1102,504,1682,9,213
2021-01-18,16-19,Moderna,7,1,6,4,3,0,0,7,0,9,7,1,6,4,3,0,0,7,0,9
2021-01-18,16-19,Pfizer/BioNTech,51,23,28,26,12,13,0,51,0,74,58,24,34,30,15,13,0,58,0,83
2021-01-18,20-29,Moderna,136,74,62,57,79,0,0,136,0,48,136,74,62,57,79,0,0,136,0,48
2021-01-18,20-29,Pfizer/BioNTech,3957,1388,2569,2908,949,100,0,3628,329,214,4093,1462,2631,2965,1028,100,0,3764,329,262
2021-01-18,30-39,Moderna,126,60,66,58,68,0,0,126,0,61,126,60,66,58,68,0,0,126,0,61
2021-01-18,30-39,Pfizer/BioNTech,5458,1984,3474,3962,1366,130,0,4798,660,214,5584,2044,3540,4020,1434,130,0,4924,660,275
2021-01-18,40-49,Moderna,169,84,85,88,78,3,0,169,0,50,169,84,85,88,78,3,0,169,0,50
2021-01-18,40-49,Pfizer/BioNTech,7041,2205,4836,4804,2040,197,0,6129,912,214,7210,2289,4921,4892,2118,200,0,6298,912,264
2021-01-18,50-59,Moderna,254,116,138,125,124,5,0,254,0,50,254,116,138,125,124,5,0,254,0,50
2021-01-18,50-59,Pfizer/BioNTech,9201,2896,6305,6095,2782,324,0,7899,1302,214,9455,3012,6443,6220,2906,329,0,8153,1302,264
2021-01-18,60-69,Moderna,155,98,57,64,80,11,0,155,0,50,155,98,57,64,80,11,0,155,0,50
2021-01-18,60-69,Pfizer/BioNTech,5537,2661,2876,3576,1490,471,0,4550,987,214,5692,2759,2933,3640,1570,482,0,4705,987,264
2021-01-18,70-79,Moderna,133,82,51,33,52,48,0,133,0,50,133,82,51,33,52,48,0,133,0,50
2021-01-18,70-79,Pfizer/BioNTech,1981,1112,869,678,345,958,0,1889,92,212,2114,1194,920,711,397,1006,0,2022,92,262
2021-01-18,80-89,Moderna,138,28,110,7,11,120,0,138,0,50,138,28,110,7,11,120,0,138,0,50
2021-01-18,80-89,Pfizer/BioNTech,4165,1363,2802,111,190,2560,1304,4095,70,200,4303,1391,2912,118,201,2680,1304,4233,70,250
2021-01-18,90+,Moderna,99,12,87,0,2,97,0,99,0,50,99,12,87,0,2,97,0,99,0,50
2021-01-18,90+,Pfizer/BioNTech,3030,510,2520,16,126,2590,298,2981,49,167,3129,522,2607,16,128,2687,298,3080,49,217
2021-01-19,16-19,Moderna,6,2,4,5,1,0,0,6,0,9,6,2,4,5,1,0,0,6,0,9
2021-01-19,16-19,Pfizer/BioNTech,33,15,18,19,9,5,0,33,0,65,39,17,22,24,10,5,0,39,0,74
2021-01-19,20-29,Moderna,175,64,111,84,90,1,0,175,0,67,175,64,111,84,90,1,0,175,0,67
2021-01-19,20-29,Pfizer/BioNTech,2887,947,1940,2136,680,71,0,2763,124,208,3062,1011,2051,2220,770,72,0,2938,124,275
2021-01-19,30-39,Moderna,310,118,192,170,140,0,0,310,0,80,310,118,192,170,140,0,0,310,0,80
2021-01-19,30-39,Pfizer/BioNTech,3859,1404,2455,2738,1019,102,0,3550,309,214,4169,1522,2647,2908,1159,102,0,3860,309,294
2021-01-19,40-49,Moderna,353,167,186,183,163,7,0,353,0,80,353,167,186,183,163,7,0,353,0,80
2021-01-19,40-49,Pfizer/BioNTech,4761,1506,3255,3114,1467,180,0,4406,355,208,5114,1673,3441,3297,1630,187,0,4759,355,288
2021-01-19,50-59,Moderna,444,197,247,234,190,20,0,444,0,80,444,197,247,234,190,20,0,444,0,80
2021-01-19,50-59,Pfizer/BioNTech,6150,1818,4332,3877,1949,324,0,5583,567,208,6594,2015,4579,4111,2139,344,0,6027,567,288
2021-01-19,60-69,Moderna,298,171,127,133,124,41,0,298,0,80,298,171,127,133,124,41,0,298,0,80
2021-01-19,60-69,Pfizer/BioNTech,3852,1777,2075,2473,923,456,0,3447,405,208,4150,1948,2202,2606,1047,497,0,3745,405,288
2021-01-19,70-79,Moderna,132,88,44,37,36,59,0,132,0,56,132,88,44,37,36,59,0,132,0,56
2021-01-19,70-79,Pfizer/BioNTech,1766,970,796,546,300,920,0,1756,10,208,1898,1058,840,583,336,979,0,1888,10,264
2021-01-19,80-89,Moderna,227,71,156,14,6,201,6,227,0,56,227,71,156,14,6,201,6,227,0,56
2021-01-19,80-89,Pfizer/BioNTech,3699,1150,2549,93,203,2529,874,3692,7,208,3926,1221,2705,107,209,2730,880,3919,7,264
2021-01-19,90+,Moderna,144,31,113,1,0,143,0,144,0,47,144,31,113,1,0,143,0,144,0,47
2021-01-19,90+,Pfizer/BioNTech,2709,431,2278,15,133,2284,277,2704,5,208,2853,462,2391,16,133,2427,277,2848,5,255
2021-01-20,16-19,Moderna,6,0,6,6,0,0,0,6,0,9,6,0,6,6,0,0,0,6,0,9
2021-01-20,16-19,Pfizer/BioNTech,22,10,12,12,3,7,0,20,2,65,28,10,18,18,3,7,0,26,2,74
2021-01-20,20-29,Moderna,250,108,142,152,95,3,0,250,0,72,250,108,142,152,95,3,0,250,0,72
2021-01-20,20-29,Pfizer/BioNTech,2208,763,1445,1768,365,75,0,1881,327,195,2458,871,1587,1920,460,78,0,2131,327,267
2021-01-20,30-39,Moderna,466,185,281,251,210,5,0,466,0,85,466,185,281,251,210,5,0,466,0,85
2021-01-20,30-39,Pfizer/BioNTech,3441,1241,2200,2661,674,106,0,2619,822,212,3907,1426,2481,2912,884,111,0,3085,822,297
2021-01-20,40-49,Moderna,568,228,340,311,248,9,0,568,0,97,568,228,340,311,248,9,0,568,0,97
2021-01-20,40-49,Pfizer/BioNTech,4640,1469,3171,3301,1203,136,0,3556,1084,198,5208,1697,3511,3612,1451,145,0,4124,1084,295
2021-01-20,50-59,Moderna,677,295,382,379,275,23,0,677,0,97,677,295,382,379,275,23,0,677,0,97
2021-01-20,50-59,Pfizer/BioNTech,5699,1748,3951,3820,1632,247,0,4479,1220,212,6376,2043,4333,4199,1907,270,0,5156,1220,309
2021-01-20,60-69,Moderna,559,332,227,272,220,67,0,559,0,99,559,332,227,272,220,67,0,559,0,99
2021-01-20,60-69,Pfizer/BioNTech,3172,1482,1690,2026,796,350,0,2467,705,202,3731,1814,1917,2298,1016,417,0,3026,705,301
2021-01-20,70-79,Moderna,324,229,95,86,127,111,0,324,0,87,324,229,95,86,127,111,0,324,0,87
2021-01-20,70-79,Pfizer/BioNTech,1426,714,712,365,251,810,0,1333,93,198,1750,943,807,451,378,921,0,1657,93,285
2021-01-20,80-89,Moderna,233,97,136,20,19,194,0,233,0,85,233,97,136,20,19,194,0,233,0,85
2021-01-20,80-89,Pfizer/BioNTech,3088,876,2212,81,210,2281,516,2970,118,200,3321,973,2348,101,229,2475,516,3203,118,285
2021-01-20,90+,Moderna,193,30,163,14,1,178,0,193,0,68,193,30,163,14,1,178,0,193,0,68
2021-01-20,90+,Pfizer/BioNTech,2313,343,1970,14,149,2024,126,2204,109,174,2506,373,2133,28,150,2202,126,2397,109,242
2021-01-21,16-19,Moderna,11,4,7,5,2,4,0,11,0,28,11,4,7,5,2,4,0,11,0,28
2021-01-21,16-19,Pfizer/BioNTech,17,7,10,12,4,1,0,13,4,38,28,11,17,17,6,5,0,24,4,66
2021-01-21,20-29,Moderna,260,108,152,133,124,3,0,260,0,90,260,108,152,133,124,3,0,260,0,90
2021-01-21,20-29,Pfizer/BioNTech,2507,817,1690,2116,372,19,0,972,1535,185,2767,925,1842,2249,496,22,0,1232,1535,275
2021-01-21,30-39,Moderna,340,152,188,183,148,9,0,340,0,85,340,152,188,183,148,9,0,340,0,85
2021-01-21,30-39,Pfizer/BioNTech,4899,2010,2889,4175,689,35,0,1528,3371,199,5239,2162,3077,4358,837,44,0,1868,3371,284
2021-01-21,40-49,Moderna,380,164,216,201,162,17,0,380,0,105,380,164,216,201,162,17,0,380,0,105
2021-01-21,40-49,Pfizer/BioNTech,6337,2067,4270,5142,1109,86,0,1944,4393,212,6717,2231,4486,5343,1271,103,0,2324,4393,317
2021-01-21,50-59,Moderna,433,190,243,222,184,27,0,433,0,87,433,190,243,222,184,27,0,433,0,87
2021-01-21,50-59,Pfizer/BioNTech,8180,2733,5447,6428,1562,190,0,2498,5682,199,8613,2923,5690,6650,1746,217,0,2931,5682,286
2021-01-21,60-69,Moderna,363,220,143,153,157,53,0,363,0,105,363,220,143,153,157,53,0,363,0,105
2021-01-21,60-69,Pfizer/BioNTech,4663,2617,2046,3625,771,267,0,1471,3192,198,5026,2837,2189,3778,928,320,0,1834,3192,303
2021-01-21,70-79,Moderna,231,154,77,68,64,99,0,231,0,87,231,154,77,68,64,99,0,231,0,87
2021-01-21,70-79,Pfizer/BioNTech,1124,613,511,298,245,581,0,803,321,181,1355,767,588,366,309,680,0,1034,321,268
2021-01-21,80-89,Moderna,448,149,299,8,20,313,107,448,0,99,448,149,299,8,20,313,107,448,0,99
2021-01-21,80-89,Pfizer/BioNTech,2106,558,1548,40,450,1593,23,1602,504,149,2554,707,1847,48,470,1906,130,2050,504,248
2021-01-21,90+,Moderna,316,45,271,1,9,289,17,315,1,90,316,45,271,1,9,289,17,315,1,90
2021-01-21,90+,Pfizer/BioNTech,1719,234,1485,3,343,1367,6,1307,412,134,2035,279,1756,4,352,1656,23,1622,413,224
2021-01-22,16-19,Moderna,11,8,3,5,2,4,0,11,0,24,11,8,3,5,2,4,0,11,0,24
2021-01-22,16-19,Pfizer/BioNTech,19,10,9,5,4,10,0,16,3,76,30,18,12,10,6,14,0,27,3,100
2021-01-22,20-29,Moderna,186,87,99,121,49,16,0,186,0,72,186,87,99,121,49,16,0,186,0,72
2021-01-22,20-29,Pfizer/BioNTech,1910,585,1325,1654,210,46,0,818,1092,199,2096,672,1424,1775,259,62,0,1004,1092,271
2021-01-22,30-39,Moderna,160,74,86,87,55,18,0,159,1,85,160,74,86,87,55,18,0,159,1,85
2021-01-22,30-39,Pfizer/BioNTech,3520,1355,2165,2980,476,64,0,1283,2237,201,3680,1429,2251,3067,531,82,0,1442,2238,286
2021-01-22,40-49,Moderna,268,127,141,138,84,46,0,268,0,103,268,127,141,138,84,46,0,268,0,103
2021-01-22,40-49,Pfizer/BioNTech,4578,1445,3133,3771,697,110,0,1703,2875,201,4846,1572,3274,3909,781,156,0,1971,2875,304
2021-01-22,50-59,Moderna,302,136,166,122,114,66,0,302,0,85,302,136,166,122,114,66,0,302,0,85
2021-01-22,50-59,Pfizer/BioNTech,5886,2036,3850,4627,1027,232,0,2033,3853,201,6188,2172,4016,4749,1141,298,0,2335,3853,286
2021-01-22,60-69,Moderna,240,150,90,83,71,86,0,240,0,87,240,150,90,83,71,86,0,240,0,87
2021-01-22,60-69,Pfizer/BioNTech,3354,1724,1630,2488,579,287,0,1179,2175,214,3594,1874,1720,2571,650,373,0,1419,2175,301
2021-01-22,70-79,Moderna,137,76,61,30,17,90,0,137,0,87,137,76,61,30,17,90,0,137,0,87
2021-01-22,70-79,Pfizer/BioNTech,1023,526,497,207,237,579,0,671,352,163,1160,602,558,237,254,669,0,808,352,250
2021-01-22,80-89,Moderna,282,104,178,5,8,168,101,282,0,99,282,104,178,5,8,168,101,282,0,99
2021-01-22,80-89,Pfizer/BioNTech,1884,464,1420,38,331,1511,4,1222,662,161,2166,568,1598,43,339,1679,105,1504,662,260
2021-01-22,90+,Moderna,147,25,122,1,0,126,20,147,0,99,147,25,122,1,0,126,20,147,0,99
2021-01-22,90+,Pfizer/BioNTech,1698,236,1462,6,231,1461,0,1071,627,157,1845,261,1584,7,231,1587,20,1218,627,256
2021-01-23,16-19,Moderna,3,1,2,2,0,1,0,3,0,43,3,1,2,2,0,1,0,3,0,43
2021-01-23,16-19,Pfizer/BioNTech,18,8,10,8,2,8,0,2,16,28,21,9,12,10,2,9,0,5,16,71
2021-01-23,20-29,Moderna,101,33,68,52,48,1,0,101,0,54,101,33,68,52,48,1,0,101,0,54
2021-01-23,20-29,Pfizer/BioNTech,3259,1109,2150,3041,173,45,0,320,2939,198,3360,1142,2218,3093,221,46,0,421,2939,252
2021-01-23,30-39,Moderna,104,51,53,47,54,3,0,103,1,54,104,51,53,47,54,3,0,103,1,54
2021-01-23,30-39,Pfizer/BioNTech,6409,2552,3857,5937,415,57,0,594,5815,198,6513,2603,3910,5984,469,60,0,697,5816,252
2021-01-23,40-49,Moderna,113,60,53,51,56,6,0,113,0,67,113,60,53,51,56,6,0,113,0,67
2021-01-23,40-49,Pfizer/BioNTech,7847,2731,5116,7093,693,61,0,700,7147,198,7960,2791,5169,7144,749,67,0,813,7147,265
2021-01-23,50-59,Moderna,152,80,72,69,72,11,0,152,0,62,152,80,72,69,72,11,0,152,0,62
2021-01-23,50-59,Pfizer/BioNTech,10138,3668,6470,9004,996,138,0,1007,9131,198,10290,3748,6542,9073,1068,149,0,1159,9131,260
2021-01-23,60-69,Moderna,119,73,46,52,46,21,0,119,0,75,119,73,46,52,46,21,0,119,0,75
2021-01-23,60-69,Pfizer/BioNTech,6520,3725,2795,5646,624,250,0,789,5731,198,6639,3798,2841,5698,670,271,0,908,5731,273
2021-01-23,70-79,Moderna,86,60,26,36,14,36,0,86,0,75,86,60,26,36,14,36,0,86,0,75
2021-01-23,70-79,Pfizer/BioNTech,824,496,328,300,86,438,0,297,527,144,910,556,354,336,100,474,0,383,527,219
2021-01-23,80-89,Moderna,215,90,125,3,3,104,105,215,0,87,215,90,125,3,3,104,105,215,0,87
2021-01-23,80-89,Pfizer/BioNTech,1148,316,832,27,78,1040,3,453,695,140,1363,406,957,30,81,1144,108,668,695,227
2021-01-23,90+,Moderna,106,23,83,1,0,89,16,106,0,59,106,23,83,1,0,89,16,106,0,59
2021-01-23,90+,Pfizer/BioNTech,1068,152,916,12,66,988,2,433,635,134,1174,175,999,13,66,1077,18,539,635,193
2021-01-24,16-19,Moderna,4,2,2,0,0,4,0,4,0,15,4,2,2,0,0,4,0,4,0,15
2021-01-24,16-19,Pfizer/BioNTech,4,1,3,2,1,1,0,1,3,52,8,3,5,2,1,5,0,5,3,67
2021-01-24,20-29,Moderna,37,14,23,10,21,6,0,37,0,43,37,14,23,10,21,6,0,37,0,43
2021-01-24,20-29,Pfizer/BioNTech,3196,1025,2171,2903,270,23,0,285,2911,198,3233,1039,2194,2913,291,29,0,322,2911,241
2021-01-24,30-39,Moderna,69,34,35,9,47,13,0,69,0,43,69,34,35,9,47,13,0,69,0,43
2021-01-24,30-39,Pfizer/BioNTech,5747,2385,3362,5287,436,24,0,333,5414,198,5816,2419,3397,5296,483,37,0,402,5414,241
2021-01-24,40-49,Moderna,106,48,58,17,56,33,0,106,0,43,106,48,58,17,56,33,0,106,0,43
2021-01-24,40-49,Pfizer/BioNTech,7022,2405,4617,6311,671,40,0,337,6685,198,7128,2453,4675,6328,727,73,0,443,6685,241
2021-01-24,50-59,Moderna,120,55,65,28,48,44,0,117,3,62,120,55,65,28,48,44,0,117,3,62
2021-01-24,50-59,Pfizer/BioNTech,9364,3235,6129,8369,901,94,0,525,8839,198,9484,3290,6194,8397,949,138,0,642,8842,260
2021-01-24,60-69,Moderna,76,39,37,14,24,38,0,74,2,62,76,39,37,14,24,38,0,74,2,62
2021-01-24,60-69,Pfizer/BioNTech,5742,3275,2467,5106,514,122,0,307,5435,198,5818,3314,2504,5120,538,160,0,381,5437,260
2021-01-24,70-79,Moderna,49,24,25,3,8,38,0,49,0,51,49,24,25,3,8,38,0,49,0,51
2021-01-24,70-79,Pfizer/BioNTech,604,393,211,291,89,224,0,141,463,165,653,417,236,294,97,262,0,190,463,216
2021-01-24,80-89,Moderna,228,89,139,2,22,99,105,228,0,63,228,89,139,2,22,99,105,228,0,63
2021-01-24,80-89,Pfizer/BioNTech,594,158,436,18,31,539,6,151,443,99,822,247,575,20,53,638,111,379,443,162
2021-01-24,90+,Moderna,106,20,86,0,12,78,16,106,0,54,106,20,86,0,12,78,16,106,0,54
2021-01-24,90+,Pfizer/BioNTech,472,55,417,1,1,470,0,119,353,85,578,75,503,1,13,548,16,225,353,139
2021-01-25,16-19,Moderna,0,0,0,0,0,0,0,0,0,0,0,0,0,0,0,0,0,0,0,0
2021-01-25,16-19,Pfizer/BioNTech,10,2,8,6,4,0,0,0,10,68,10,2,8,6,4,0,0,0,10,68
2021-01-25,20-29,Moderna,14,5,9,7,7,0,0,14,0,53,14,5,9,7,7,0,0,14,0,53
2021-01-25,20-29,Pfizer/BioNTech,6037,2025,4012,5560,469,8,0,351,5686,214,6051,2030,4021,5567,476,8,0,365,5686,267
2021-01-25,30-39,Moderna,31,10,21,25,5,1,0,30,1,52,31,10,21,25,5,1,0,30,1,52
2021-01-25,30-39,Pfizer/BioNTech,11803,4909,6894,10900,881,22,0,512,11291,214,11834,4919,6915,10925,886,23,0,542,11292,266
2021-01-25,40-49,Moderna,25,7,18,15,7,3,0,24,1,58,25,7,18,15,7,3,0,24,1,58
2021-01-25,40-49,Pfizer/BioNTech,14406,4815,9591,12960,1404,42,0,638,13768,214,14431,4822,9609,12975,1411,45,0,662,13769,272
2021-01-25,50-59,Moderna,40,13,27,24,14,2,0,40,0,53,40,13,27,24,14,2,0,40,0,53
2021-01-25,50-59,Pfizer/BioNTech,19424,6581,12843,16943,2323,158,0,785,18639,214,19464,6594,12870,16967,2337,160,0,825,18639,267
2021-01-25,60-69,Moderna,38,19,19,15,12,11,0,36,2,71,38,19,19,15,12,11,0,36,2,71
2021-01-25,60-69,Pfizer/BioNTech,11478,6290,5188,10019,1166,293,0,484,10994,214,11516,6309,5207,10034,1178,304,0,520,10996,285
2021-01-25,70-79,Moderna,67,34,33,10,12,45,0,67,0,50,67,34,33,10,12,45,0,67,0,50
2021-01-25,70-79,Pfizer/BioNTech,1212,767,445,469,72,671,0,241,971,214,1279,801,478,479,84,716,0,308,971,264
2021-01-25,80-89,Moderna,223,79,144,1,26,93,103,223,0,70,223,79,144,1,26,93,103,223,0,70
2021-01-25,80-89,Pfizer/BioNTech,1695,509,1186,49,35,1604,7,464,1231,131,1918,588,1330,50,61,1697,110,687,1231,201
2021-01-25,90+,Moderna,159,26,133,0,26,115,18,159,0,70,159,26,133,0,26,115,18,159,0,70
2021-01-25,90+,Pfizer/BioNTech,1534,209,1325,10,19,1499,6,407,1127,107,1693,235,1458,10,45,1614,24,566,1127,177
2021-01-26,16-19,Moderna,0,0,0,0,0,0,0,0,0,0,0,0,0,0,0,0,0,0,0,0
2021-01-26,16-19,Pfizer/BioNTech,17,9,8,9,6,2,0,3,14,71,17,9,8,9,6,2,0,3,14,71
2021-01-26,20-29,Moderna,36,17,19,14,16,6,0,33,3,34,36,17,19,14,16,6,0,33,3,34
2021-01-26,20-29,Pfizer/BioNTech,6531,2148,4383,5983,515,33,0,261,6270,214,6567,2165,4402,5997,531,39,0,294,6273,248
2021-01-26,30-39,Moderna,48,25,23,20,19,9,0,38,10,76,48,25,23,20,19,9,0,38,10,76
2021-01-26,30-39,Pfizer/BioNTech,13546,5434,8112,12459,1028,59,0,435,13111,214,13594,5459,8135,12479,1047,68,0,473,13121,290
2021-01-26,40-49,Moderna,70,35,35,20,29,21,0,60,10,65,70,35,35,20,29,21,0,60,10,65
2021-01-26,40-49,Pfizer/BioNTech,16328,5545,10783,14609,1625,94,0,550,15778,214,16398,5580,10818,14629,1654,115,0,610,15788,279
2021-01-26,50-59,Moderna,79,49,30,18,19,42,0,65,14,63,79,49,30,18,19,42,0,65,14,63
2021-01-26,50-59,Pfizer/BioNTech,22451,7613,14838,19434,2787,230,0,629,21822,214,22530,7662,14868,19452,2806,272,0,694,21836,277
2021-01-26,60-69,Moderna,85,65,20,26,23,36,0,76,9,58,85,65,20,26,23,36,0,76,9,58
2021-01-26,60-69,Pfizer/BioNTech,13855,7357,6498,11869,1514,472,0,440,13415,214,13940,7422,6518,11895,1537,508,0,516,13424,272
2021-01-26,70-79,Moderna,68,45,23,19,6,43,0,67,1,50,68,45,23,19,6,43,0,67,1,50
2021-01-26,70-79,Pfizer/BioNTech,1656,1048,608,633,140,883,0,272,1384,214,1724,1093,631,652,146,926,0,339,1385,264
2021-01-26,80-89,Moderna,220,80,140,2,2,108,108,220,0,62,220,80,140,2,2,108,108,220,0,62
2021-01-26,80-89,Pfizer/BioNTech,2144,657,1487,58,38,2039,9,470,1674,153,2364,737,1627,60,40,2147,117,690,1674,215
2021-01-26,90+,Moderna,112,14,98,0,0,99,13,112,0,62,112,14,98,0,0,99,13,112,0,62
2021-01-26,90+,Pfizer/BioNTech,1980,316,1664,8,16,1954,2,386,1594,153,2092,330,1762,8,16,2053,15,498,1594,215
2021-01-27,16-19,Moderna,0,0,0,0,0,0,0,0,0,0,0,0,0,0,0,0,0,0,0,0
2021-01-27,16-19,Pfizer/BioNTech,45,24,21,22,23,0,0,5,40,86,45,24,21,22,23,0,0,5,40,86
2021-01-27,20-29,Moderna,18,5,13,15,2,1,0,17,1,50,18,5,13,15,2,1,0,17,1,50
2021-01-27,20-29,Pfizer/BioNTech,7263,2429,4834,6545,681,37,0,667,6596,214,7281,2434,4847,6560,683,38,0,684,6597,264
2021-01-27,30-39,Moderna,23,7,16,18,5,0,0,21,2,45,23,7,16,18,5,0,0,21,2,45
2021-01-27,30-39,Pfizer/BioNTech,11744,4762,6982,10439,1226,79,0,701,11043,214,11767,4769,6998,10457,1231,79,0,722,11045,259
2021-01-27,40-49,Moderna,26,8,18,12,9,5,0,24,2,71,26,8,18,12,9,5,0,24,2,71
2021-01-27,40-49,Pfizer/BioNTech,13614,4576,9038,11592,1899,123,0,811,12803,214,13640,4584,9056,11604,1908,128,0,835,12805,285
2021-01-27,50-59,Moderna,37,17,20,12,11,14,0,33,4,71,37,17,20,12,11,14,0,33,4,71
2021-01-27,50-59,Pfizer/BioNTech,18732,6303,12429,15469,2993,270,0,1058,17674,214,18769,6320,12449,15481,3004,284,0,1091,17678,285
2021-01-27,60-69,Moderna,51,24,27,5,6,40,0,51,0,58,51,24,27,5,6,40,0,51,0,58
2021-01-27,60-69,Pfizer/BioNTech,12395,6582,5813,10357,1655,383,0,646,11749,214,12446,6606,5840,10362,1661,423,0,697,11749,272
2021-01-27,70-79,Moderna,72,34,38,4,3,65,0,72,0,58,72,34,38,4,3,65,0,72,0,58
2021-01-27,70-79,Pfizer/BioNTech,1805,1169,636,825,293,687,0,310,1495,214,1877,1203,674,829,296,752,0,382,1495,272
2021-01-27,80-89,Moderna,237,74,163,0,0,137,100,237,0,70,237,74,163,0,0,137,100,237,0,70
2021-01-27,80-89,Pfizer/BioNTech,1968,612,1356,104,182,1668,14,556,1412,180,2205,686,1519,104,182,1805,114,793,1412,250
2021-01-27,90+,Moderna,148,31,117,0,0,127,21,148,0,70,148,31,117,0,0,127,21,148,0,70
2021-01-27,90+,Pfizer/BioNTech,1763,291,1472,18,95,1601,49,500,1263,167,1911,322,1589,18,95,1728,70,648,1263,237
2021-01-28,16-19,Moderna,1,0,1,1,0,0,0,1,0,9,1,0,1,1,0,0,0,1,0,9
2021-01-28,16-19,Pfizer/BioNTech,37,20,17,29,7,1,0,0,37,115,38,20,18,30,7,1,0,1,37,124
2021-01-28,20-29,Moderna,47,19,28,42,4,1,0,45,2,54,47,19,28,42,4,1,0,45,2,54
2021-01-28,20-29,Pfizer/BioNTech,7781,2506,5275,6932,810,39,0,341,7440,214,7828,2525,5303,6974,814,40,0,386,7442,268
2021-01-28,30-39,Moderna,60,28,32,45,15,0,0,60,0,59,60,28,32,45,15,0,0,60,0,59
2021-01-28,30-39,Pfizer/BioNTech,15048,5795,9253,13188,1799,61,0,402,14646,214,15108,5823,9285,13233,1814,61,0,462,14646,273
2021-01-28,40-49,Moderna,76,33,43,37,37,2,0,75,1,59,76,33,43,37,37,2,0,75,1,59
2021-01-28,40-49,Pfizer/BioNTech,18985,5943,13042,16059,2796,130,0,617,18368,214,19061,5976,13085,16096,2833,132,0,692,18369,273
2021-01-28,50-59,Moderna,85,39,46,53,30,2,0,81,4,72,85,39,46,53,30,2,0,81,4,72
2021-01-28,50-59,Pfizer/BioNTech,26546,8525,18021,21708,4511,327,0,832,25714,214,26631,8564,18067,21761,4541,329,0,913,25718,286
2021-01-28,60-69,Moderna,98,64,34,67,21,10,0,97,1,59,98,64,34,67,21,10,0,97,1,59
2021-01-28,60-69,Pfizer/BioNTech,15592,7834,7758,12827,2294,471,0,444,15148,214,15690,7898,7792,12894,2315,481,0,541,15149,273
2021-01-28,70-79,Moderna,78,48,30,50,3,25,0,78,0,71,78,48,30,50,3,25,0,78,0,71
2021-01-28,70-79,Pfizer/BioNTech,2260,1458,802,917,250,1093,0,197,2063,214,2338,1506,832,967,253,1118,0,275,2063,285
2021-01-28,80-89,Moderna,204,82,122,10,1,91,102,204,0,62,204,82,122,10,1,91,102,204,0,62
2021-01-28,80-89,Pfizer/BioNTech,2819,807,2012,84,99,2610,26,367,2452,181,3023,889,2134,94,100,2701,128,571,2452,243
2021-01-28,90+,Moderna,112,21,91,0,0,94,18,112,0,47,112,21,91,0,0,94,18,112,0,47
2021-01-28,90+,Pfizer/BioNTech,2607,388,2219,16,66,2505,20,360,2247,181,2719,409,2310,16,66,2599,38,472,2247,228
2021-01-29,16-19,Moderna,0,0,0,0,0,0,0,0,0,0,0,0,0,0,0,0,0,0,0,0
2021-01-29,16-19,Pfizer/BioNTech,40,18,22,29,11,0,0,0,40,125,40,18,22,29,11,0,0,0,40,125
2021-01-29,20-29,Moderna,51,15,36,33,15,3,0,50,1,72,51,15,36,33,15,3,0,50,1,72
2021-01-29,20-29,Pfizer/BioNTech,9175,3053,6122,8009,1127,39,0,354,8821,214,9226,3068,6158,8042,1142,42,0,404,8822,286
2021-01-29,30-39,Moderna,60,22,38,48,12,0,0,59,1,80,60,22,38,48,12,0,0,59,1,80
2021-01-29,30-39,Pfizer/BioNTech,15295,5876,9419,13082,2154,59,0,453,14842,214,15355,5898,9457,13130,2166,59,0,512,14843,294
2021-01-29,40-49,Moderna,93,22,71,57,32,4,0,92,1,80,93,22,71,57,32,4,0,92,1,80
2021-01-29,40-49,Pfizer/BioNTech,19575,6317,13258,16002,3445,128,0,638,18937,214,19668,6339,13329,16059,3477,132,0,730,18938,294
2021-01-29,50-59,Moderna,122,48,74,77,38,7,0,119,3,110,122,48,74,77,38,7,0,119,3,110
2021-01-29,50-59,Pfizer/BioNTech,26838,8430,18408,21455,5090,293,0,796,26042,214,26960,8478,18482,21532,5128,300,0,915,26045,324
2021-01-29,60-69,Moderna,102,51,51,51,28,23,0,100,2,90,102,51,51,51,28,23,0,100,2,90
2021-01-29,60-69,Pfizer/BioNTech,16114,8018,8096,12920,2627,567,0,440,15674,214,16216,8069,8147,12971,2655,590,0,540,15676,304
2021-01-29,70-79,Moderna,55,30,25,8,8,39,0,55,0,59,55,30,25,8,8,39,0,55,0,59
2021-01-29,70-79,Pfizer/BioNTech,2642,1718,924,1168,300,1174,0,236,2406,214,2697,1748,949,1176,308,1213,0,291,2406,273
2021-01-29,80-89,Moderna,191,60,131,2,4,118,67,191,0,62,191,60,131,2,4,118,67,191,0,62
2021-01-29,80-89,Pfizer/BioNTech,3026,868,2158,119,153,2740,14,401,2625,214,3217,928,2289,121,157,2858,81,592,2625,276
2021-01-29,90+,Moderna,128,23,105,0,0,111,17,128,0,47,128,23,105,0,0,111,17,128,0,47
2021-01-29,90+,Pfizer/BioNTech,2545,386,2159,19,47,2475,4,306,2239,170,2673,409,2264,19,47,2586,21,434,2239,217
2021-01-30,16-19,Moderna,0,0,0,0,0,0,0,0,0,0,0,0,0,0,0,0,0,0,0,0
2021-01-30,16-19,Pfizer/BioNTech,56,32,24,40,14,2,0,3,53,139,56,32,24,40,14,2,0,3,53,139
2021-01-30,20-29,Moderna,70,13,57,63,7,0,0,70,0,5,70,13,57,63,7,0,0,70,0,5
2021-01-30,20-29,Pfizer/BioNTech,8831,3007,5824,7587,1214,30,0,284,8547,214,8901,3020,5881,7650,1221,30,0,354,8547,219
2021-01-30,30-39,Moderna,50,15,35,37,13,0,0,49,1,57,50,15,35,37,13,0,0,49,1,57
2021-01-30,30-39,Pfizer/BioNTech,13922,5466,8456,11461,2389,72,0,406,13516,214,13972,5481,8491,11498,2402,72,0,455,13517,271
2021-01-30,40-49,Moderna,47,12,35,34,13,0,0,45,2,39,47,12,35,34,13,0,0,45,2,39
2021-01-30,40-49,Pfizer/BioNTech,17009,5663,11346,13245,3581,183,0,544,16465,214,17056,5675,11381,13279,3594,183,0,589,16467,253
2021-01-30,50-59,Moderna,93,27,66,54,39,0,0,92,1,57,93,27,66,54,39,0,0,92,1,57
2021-01-30,50-59,Pfizer/BioNTech,23178,7678,15500,17763,5026,389,0,754,22424,214,23271,7705,15566,17817,5065,389,0,846,22425,271
2021-01-30,60-69,Moderna,48,22,26,27,21,0,0,48,0,20,48,22,26,27,21,0,0,48,0,20
2021-01-30,60-69,Pfizer/BioNTech,17347,9189,8158,13993,2753,601,0,594,16753,214,17395,9211,8184,14020,2774,601,0,642,16753,234
2021-01-30,70-79,Moderna,4,3,1,2,0,2,0,2,2,24,4,3,1,2,0,2,0,2,2,24
2021-01-30,70-79,Pfizer/BioNTech,2999,2040,959,1625,388,986,0,194,2805,214,3003,2043,960,1627,388,988,0,196,2807,238
2021-01-30,80-89,Moderna,111,49,62,1,0,7,103,108,3,36,111,49,62,1,0,7,103,108,3,36
2021-01-30,80-89,Pfizer/BioNTech,2708,844,1864,133,126,2433,16,327,2381,214,2819,893,1926,134,126,2440,119,435,2384,250
2021-01-30,90+,Moderna,22,8,14,0,0,4,18,21,1,36,22,8,14,0,0,4,18,21,1,36
2021-01-30,90+,Pfizer/BioNTech,2158,330,1828,13,15,2125,5,251,1907,194,2180,338,1842,13,15,2129,23,272,1908,230
2021-01-31,16-19,Moderna,0,0,0,0,0,0,0,0,0,0,0,0,0,0,0,0,0,0,0,0
2021-01-31,16-19,Pfizer/BioNTech,130,67,63,61,49,20,0,3,127,145,130,67,63,61,49,20,0,3,127,145
2021-01-31,20-29,Moderna,11,0,11,8,3,0,0,11,0,5,11,0,11,8,3,0,0,11,0,5
2021-01-31,20-29,Pfizer/BioNTech,7076,2542,4534,5940,1069,67,0,215,6861,210,7087,2542,4545,5948,1072,67,0,226,6861,215
2021-01-31,30-39,Moderna,6,1,5,6,0,0,0,6,0,5,6,1,5,6,0,0,0,6,0,5
2021-01-31,30-39,Pfizer/BioNTech,9844,3893,5951,7889,1900,55,0,346,9498,210,9850,3894,5956,7895,1900,55,0,352,9498,215
2021-01-31,40-49,Moderna,15,1,14,12,3,0,0,13,2,42,15,1,14,12,3,0,0,13,2,42
2021-01-31,40-49,Pfizer/BioNTech,11491,3856,7635,8626,2779,86,0,444,11047,210,11506,3857,7649,8638,2782,86,0,457,11049,252
2021-01-31,50-59,Moderna,20,5,15,15,4,1,0,19,1,23,20,5,15,15,4,1,0,19,1,23
2021-01-31,50-59,Pfizer/BioNTech,15259,5199,10060,11280,3817,162,0,664,14595,210,15279,5204,10075,11295,3821,163,0,683,14596,233
2021-01-31,60-69,Moderna,14,4,10,13,0,1,0,12,2,35,14,4,10,13,0,1,0,12,2,35
2021-01-31,60-69,Pfizer/BioNTech,10512,5482,5030,8352,1927,233,0,293,10219,210,10526,5486,5040,8365,1927,234,0,305,10221,245
2021-01-31,70-79,Moderna,0,0,0,0,0,0,0,0,0,0,0,0,0,0,0,0,0,0,0,0
2021-01-31,70-79,Pfizer/BioNTech,2055,1446,609,1309,351,395,0,84,1971,210,2055,1446,609,1309,351,395,0,84,1971,210
2021-01-31,80-89,Moderna,102,42,60,0,1,1,100,101,1,36,102,42,60,0,1,1,100,101,1,36
2021-01-31,80-89,Pfizer/BioNTech,1388,456,932,104,167,1102,15,126,1262,193,1490,498,992,104,168,1103,115,227,1263,229
2021-01-31,90+,Moderna,22,8,14,0,0,1,21,22,0,17,22,8,14,0,0,1,21,22,0,17
2021-01-31,90+,Pfizer/BioNTech,1025,199,826,9,28,986,2,91,934,162,1047,207,840,9,28,987,23,113,934,179
2021-02-01,16-19,Moderna,2,1,1,1,1,0,0,2,0,9,2,1,1,1,1,0,0,2,0,9
2021-02-01,16-19,Pfizer/BioNTech,93,40,53,81,10,2,0,2,91,132,95,41,54,82,11,2,0,4,91,141
2021-02-01,20-29,Moderna,65,28,37,27,38,0,0,64,1,52,65,28,37,27,38,0,0,64,1,52
2021-02-01,20-29,Pfizer/BioNTech,8912,2890,6022,7707,1159,46,0,337,8575,214,8977,2918,6059,7734,1197,46,0,401,8576,266
2021-02-01,30-39,Moderna,49,22,27,22,27,0,0,48,1,46,49,22,27,22,27,0,0,48,1,46
2021-02-01,30-39,Pfizer/BioNTech,12664,4859,7805,10591,1978,95,0,531,12133,214,12713,4881,7832,10613,2005,95,0,579,12134,260
2021-02-01,40-49,Moderna,74,34,40,39,32,3,0,72,2,52,74,34,40,39,32,3,0,72,2,52
2021-02-01,40-49,Pfizer/BioNTech,16092,5094,10998,12587,3353,152,0,679,15413,214,16166,5128,11038,12626,3385,155,0,751,15415,266
2021-02-01,50-59,Moderna,103,60,43,37,51,15,0,101,2,52,103,60,43,37,51,15,0,101,2,52
2021-02-01,50-59,Pfizer/BioNTech,22382,6908,15474,16948,5080,354,0,890,21492,214,22485,6968,15517,16985,5131,369,0,991,21494,266
2021-02-01,60-69,Moderna,99,67,32,34,41,24,0,96,3,52,99,67,32,34,41,24,0,96,3,52
2021-02-01,60-69,Pfizer/BioNTech,13305,6510,6795,10139,2541,625,0,545,12760,214,13404,6577,6827,10173,2582,649,0,641,12763,266
2021-02-01,70-79,Moderna,57,47,10,20,15,22,0,57,0,33,57,47,10,20,15,22,0,57,0,33
2021-02-01,70-79,Pfizer/BioNTech,3061,1951,1110,1477,365,1219,0,256,2805,214,3118,1998,1120,1497,380,1241,0,313,2805,247
2021-02-01,80-89,Moderna,44,14,30,0,2,42,0,44,0,33,44,14,30,0,2,42,0,44,0,33
2021-02-01,80-89,Pfizer/BioNTech,3676,1135,2541,178,196,3079,223,343,3333,214,3720,1149,2571,178,198,3121,223,387,3333,247
2021-02-01,90+,Moderna,34,6,28,0,0,34,0,34,0,19,34,6,28,0,0,34,0,34,0,19
2021-02-01,90+,Pfizer/BioNTech,2883,431,2452,21,25,2787,50,278,2605,201,2917,437,2480,21,25,2821,50,312,2605,220
2021-02-02,16-19,Moderna,2,0,2,0,1,1,0,2,0,5,2,0,2,0,1,1,0,2,0,5
2021-02-02,16-19,Pfizer/BioNTech,69,34,35,51,17,1,0,6,63,124,71,34,37,51,18,2,0,8,63,129
2021-02-02,20-29,Moderna,100,34,66,61,32,7,0,100,0,39,100,34,66,61,32,7,0,100,0,39
2021-02-02,20-29,Pfizer/BioNTech,9055,3178,5877,7524,1454,77,0,628,8427,214,9155,3212,5943,7585,1486,84,0,728,8427,253
2021-02-02,30-39,Moderna,116,40,76,57,47,12,0,116,0,39,116,40,76,57,47,12,0,116,0,39
2021-02-02,30-39,Pfizer/BioNTech,12258,4845,7413,9760,2415,83,0,727,11531,214,12374,4885,7489,9817,2462,95,0,843,11531,253
2021-02-02,40-49,Moderna,166,54,112,93,55,18,0,164,2,71,166,54,112,93,55,18,0,164,2,71
2021-02-02,40-49,Pfizer/BioNTech,15927,5141,10786,12033,3723,171,0,905,15022,214,16093,5195,10898,12126,3778,189,0,1069,15024,285
2021-02-02,50-59,Moderna,207,70,137,119,69,19,0,206,1,66,207,70,137,119,69,19,0,206,1,66
2021-02-02,50-59,Pfizer/BioNTech,21918,6773,15145,15797,5796,325,0,996,20922,214,22125,6843,15282,15916,5865,344,0,1202,20923,280
2021-02-02,60-69,Moderna,151,82,69,93,44,14,0,150,1,76,151,82,69,93,44,14,0,150,1,76
2021-02-02,60-69,Pfizer/BioNTech,13300,6487,6813,9743,2858,699,0,563,12737,214,13451,6569,6882,9836,2902,713,0,713,12738,290
2021-02-02,70-79,Moderna,49,31,18,14,20,15,0,48,1,79,49,31,18,14,20,15,0,48,1,79
2021-02-02,70-79,Pfizer/BioNTech,3778,2410,1368,1789,453,1536,0,252,3526,214,3827,2441,1386,1803,473,1551,0,300,3527,293
2021-02-02,80-89,Moderna,140,42,98,2,32,79,27,140,0,60,140,42,98,2,32,79,27,140,0,60
2021-02-02,80-89,Pfizer/BioNTech,4578,1387,3191,172,122,3958,326,558,4020,194,4718,1429,3289,174,154,4037,353,698,4020,254
2021-02-02,90+,Moderna,108,20,88,0,20,76,12,107,1,78,108,20,88,0,20,76,12,107,1,78
2021-02-02,90+,Pfizer/BioNTech,3839,601,3238,26,35,3693,85,380,3459,192,3947,621,3326,26,55,3769,97,487,3460,270
2021-02-03,16-19,Moderna,1,1,0,0,0,1,0,1,0,5,1,1,0,0,0,1,0,1,0,5
2021-02-03,16-19,Pfizer/BioNTech,131,52,79,88,32,11,0,13,118,181,132,53,79,88,32,12,0,14,118,186
2021-02-03,20-29,Moderna,58,15,43,25,33,0,0,56,2,87,58,15,43,25,33,0,0,56,2,87
2021-02-03,20-29,Pfizer/BioNTech,10806,3665,7141,8663,2038,105,0,862,9944,214,10864,3680,7184,8688,2071,105,0,918,9946,301
2021-02-03,30-39,Moderna,132,49,83,60,71,1,0,131,1,68,132,49,83,60,71,1,0,131,1,68
2021-02-03,30-39,Pfizer/BioNTech,14094,5478,8616,10956,2949,189,0,1058,13036,214,14226,5527,8699,11016,3020,190,0,1189,13037,282
2021-02-03,40-49,Moderna,186,57,129,99,82,5,0,185,1,87,186,57,129,99,82,5,0,185,1,87
2021-02-03,40-49,Pfizer/BioNTech,17942,5731,12211,12996,4640,306,0,1356,16586,214,18128,5788,12340,13095,4722,311,0,1541,16587,301
2021-02-03,50-59,Moderna,216,64,152,120,82,14,0,216,0,91,216,64,152,120,82,14,0,216,0,91
2021-02-03,50-59,Pfizer/BioNTech,23636,7285,16351,16435,6675,526,0,1554,22082,214,23852,7349,16503,16555,6757,540,0,1770,22082,305
2021-02-03,60-69,Moderna,115,38,77,59,38,18,0,115,0,98,115,38,77,59,38,18,0,115,0,98
2021-02-03,60-69,Pfizer/BioNTech,14210,6773,7437,10042,3366,802,0,974,13236,214,14325,6811,7514,10101,3404,820,0,1089,13236,312
2021-02-03,70-79,Moderna,84,38,46,7,20,57,0,84,0,110,84,38,46,7,20,57,0,84,0,110
2021-02-03,70-79,Pfizer/BioNTech,4161,2576,1585,1900,605,1656,0,446,3715,214,4245,2614,1631,1907,625,1713,0,530,3715,324
2021-02-03,80-89,Moderna,181,60,121,0,20,132,29,179,2,90,181,60,121,0,20,132,29,179,2,90
2021-02-03,80-89,Pfizer/BioNTech,5611,1638,3973,248,208,4671,484,885,4726,214,5792,1698,4094,248,228,4803,513,1064,4728,304
2021-02-03,90+,Moderna,166,36,130,0,5,130,31,166,0,75,166,36,130,0,5,130,31,166,0,75
2021-02-03,90+,Pfizer/BioNTech,4699,669,4030,61,83,4437,118,477,4222,194,4865,705,4160,61,88,4567,149,643,4222,269
2021-02-04,16-19,Moderna,0,0,0,0,0,0,0,0,0,0,0,0,0,0,0,0,0,0,0,0
2021-02-04,16-19,Pfizer/BioNTech,159,71,88,116,28,15,0,20,139,119,159,71,88,116,28,15,0,20,139,119
2021-02-04,20-29,Moderna,69,26,43,40,28,1,0,66,3,88,69,26,43,40,28,1,0,66,3,88
2021-02-04,20-29,Pfizer/BioNTech,11453,3920,7533,8905,2422,126,0,1351,10102,214,11522,3946,7576,8945,2450,127,0,1417,10105,302
2021-02-04,30-39,Moderna,114,37,77,47,58,9,0,113,1,88,114,37,77,47,58,9,0,113,1,88
2021-02-04,30-39,Pfizer/BioNTech,14466,5313,9153,11147,3180,139,0,1700,12766,214,14580,5350,9230,11194,3238,148,0,1813,12767,302
2021-02-04,40-49,Moderna,144,33,111,57,76,11,0,143,1,101,144,33,111,57,76,11,0,143,1,101
2021-02-04,40-49,Pfizer/BioNTech,18594,5770,12824,13248,5080,266,0,1968,16626,214,18738,5803,12935,13305,5156,277,0,2111,16627,315
2021-02-04,50-59,Moderna,167,43,124,87,68,12,0,166,1,101,167,43,124,87,68,12,0,166,1,101
2021-02-04,50-59,Pfizer/BioNTech,24497,7565,16932,16872,7051,574,0,2429,22068,214,24664,7608,17056,16959,7119,586,0,2595,22069,315
2021-02-04,60-69,Moderna,94,39,55,39,40,15,0,92,2,88,94,39,55,39,40,15,0,92,2,88
2021-02-04,60-69,Pfizer/BioNTech,14617,6847,7770,10081,3572,964,0,1649,12968,214,14711,6886,7825,10120,3612,979,0,1741,12970,302
2021-02-04,70-79,Moderna,74,38,36,7,19,48,0,74,0,96,74,38,36,7,19,48,0,74,0,96
2021-02-04,70-79,Pfizer/BioNTech,4631,2832,1799,1946,631,2054,0,576,4055,214,4705,2870,1835,1953,650,2102,0,650,4055,310
2021-02-04,80-89,Moderna,233,57,176,0,22,151,60,232,1,100,233,57,176,0,22,151,60,232,1,100
2021-02-04,80-89,Pfizer/BioNTech,6686,1971,4715,264,196,5617,609,962,5724,214,6919,2028,4891,264,218,5768,669,1194,5725,314
2021-02-04,90+,Moderna,168,26,142,1,11,111,45,168,0,95,168,26,142,1,11,111,45,168,0,95
2021-02-04,90+,Pfizer/BioNTech,5329,781,4548,43,51,5043,192,598,4731,214,5497,807,4690,44,62,5154,237,766,4731,309
2021-02-05,16-19,Moderna,9,3,6,3,6,0,0,9,0,14,9,3,6,3,6,0,0,9,0,14
2021-02-05,16-19,Pfizer/BioNTech,116,56,60,73,33,10,0,21,95,150,125,59,66,76,39,10,0,30,95,164
2021-02-05,20-29,Moderna,264,108,156,142,122,0,0,262,2,59,264,108,156,142,122,0,0,262,2,59
2021-02-05,20-29,Pfizer/BioNTech,11660,4117,7543,8889,2607,164,0,1691,9969,214,11924,4225,7699,9031,2729,164,0,1953,9971,273
2021-02-05,30-39,Moderna,331,154,177,108,221,2,0,331,0,92,331,154,177,108,221,2,0,331,0,92
2021-02-05,30-39,Pfizer/BioNTech,14082,5307,8775,10615,3262,205,0,2124,11958,214,14413,5461,8952,10723,3483,207,0,2455,11958,306
2021-02-05,40-49,Moderna,430,194,236,135,284,11,0,430,0,118,430,194,236,135,284,11,0,430,0,118
2021-02-05,40-49,Pfizer/BioNTech,17598,5379,12219,12479,4832,287,0,2459,15139,214,18028,5573,12455,12614,5116,298,0,2889,15139,332
2021-02-05,50-59,Moderna,462,253,209,153,297,12,0,460,2,105,462,253,209,153,297,12,0,460,2,105
2021-02-05,50-59,Pfizer/BioNTech,22985,7112,15873,15622,6832,531,0,2922,20063,214,23447,7365,16082,15775,7129,543,0,3382,20065,319
2021-02-05,60-69,Moderna,373,255,118,139,189,45,0,373,0,100,373,255,118,139,189,45,0,373,0,100
2021-02-05,60-69,Pfizer/BioNTech,13512,6227,7285,9327,3317,868,0,1844,11668,214,13885,6482,7403,9466,3506,913,0,2217,11668,314
2021-02-05,70-79,Moderna,200,136,64,51,79,70,0,200,0,100,200,136,64,51,79,70,0,200,0,100
2021-02-05,70-79,Pfizer/BioNTech,4388,2665,1723,1826,653,1909,0,663,3725,214,4588,2801,1787,1877,732,1979,0,863,3725,314
2021-02-05,80-89,Moderna,342,95,247,7,32,221,82,342,0,99,342,95,247,7,32,221,82,342,0,99
2021-02-05,80-89,Pfizer/BioNTech,6997,2200,4797,197,309,5082,1409,1040,5957,214,7339,2295,5044,204,341,5303,1491,1382,5957,313
2021-02-05,90+,Moderna,235,47,188,1,25,149,60,235,0,90,235,47,188,1,25,149,60,235,0,90
2021-02-05,90+,Pfizer/BioNTech,4891,819,4072,36,76,4382,397,758,4133,214,5126,866,4260,37,101,4531,457,993,4133,304
2021-02-06,16-19,Moderna,7,4,3,3,3,1,0,7,0,43,7,4,3,3,3,1,0,7,0,43
2021-02-06,16-19,Pfizer/BioNTech,182,69,113,147,28,7,0,40,142,149,189,73,116,150,31,8,0,47,142,192
2021-02-06,20-29,Moderna,126,49,77,79,44,3,0,124,2,77,126,49,77,79,44,3,0,124,2,77
2021-02-06,20-29,Pfizer/BioNTech,9345,3220,6125,7283,2010,52,0,1737,7608,214,9471,3269,6202,7362,2054,55,0,1861,7610,291
2021-02-06,30-39,Moderna,152,72,80,59,87,6,0,152,0,77,152,72,80,59,87,6,0,152,0,77
2021-02-06,30-39,Pfizer/BioNTech,10207,3987,6220,7827,2315,65,0,1872,8335,214,10359,4059,6300,7886,2402,71,0,2024,8335,291
2021-02-06,40-49,Moderna,196,90,106,90,91,15,0,195,1,77,196,90,106,90,91,15,0,195,1,77
2021-02-06,40-49,Pfizer/BioNTech,12455,4147,8308,8970,3316,169,0,2076,10379,214,12651,4237,8414,9060,3407,184,0,2271,10380,291
2021-02-06,50-59,Moderna,229,112,117,103,103,23,0,228,1,77,229,112,117,103,103,23,0,228,1,77
2021-02-06,50-59,Pfizer/BioNTech,15923,5321,10602,11116,4489,318,0,2455,13468,214,16152,5433,10719,11219,4592,341,0,2683,13469,291
2021-02-06,60-69,Moderna,177,122,55,74,60,43,0,177,0,77,177,122,55,74,60,43,0,177,0,77
2021-02-06,60-69,Pfizer/BioNTech,11305,5741,5564,8403,2397,505,0,1864,9441,214,11482,5863,5619,8477,2457,548,0,2041,9441,291
2021-02-06,70-79,Moderna,128,67,61,25,32,71,0,128,0,80,128,67,61,25,32,71,0,128,0,80
2021-02-06,70-79,Pfizer/BioNTech,3863,2518,1345,2076,752,1035,0,722,3141,214,3991,2585,1406,2101,784,1106,0,850,3141,294
2021-02-06,80-89,Moderna,228,52,176,4,0,205,19,226,2,80,228,52,176,4,0,205,19,226,2,80
2021-02-06,80-89,Pfizer/BioNTech,5495,2035,3460,307,410,2825,1953,830,4665,214,5723,2087,3636,311,410,3030,1972,1056,4667,294
2021-02-06,90+,Moderna,153,21,132,0,0,142,11,153,0,71,153,21,132,0,0,142,11,153,0,71
2021-02-06,90+,Pfizer/BioNTech,3092,617,2475,34,76,2512,470,443,2649,214,3245,638,2607,34,76,2654,481,596,2649,285
2021-02-07,16-19,Moderna,3,2,1,2,1,0,0,3,0,9,3,2,1,2,1,0,0,3,0,9
2021-02-07,16-19,Pfizer/BioNTech,103,41,62,75,25,3,0,28,75,130,106,43,63,77,26,3,0,31,75,139
2021-02-07,20-29,Moderna,57,35,22,32,25,0,0,56,1,54,57,35,22,32,25,0,0,56,1,54
2021-02-07,20-29,Pfizer/BioNTech,5670,1739,3931,4432,1200,38,0,1419,4251,197,5727,1774,3953,4464,1225,38,0,1475,4252,251
2021-02-07,30-39,Moderna,34,13,21,23,11,0,0,33,1,61,34,13,21,23,11,0,0,33,1,61
2021-02-07,30-39,Pfizer/BioNTech,5301,1983,3318,3993,1242,66,0,1245,4056,197,5335,1996,3339,4016,1253,66,0,1278,4057,258
2021-02-07,40-49,Moderna,63,31,32,35,28,0,0,63,0,24,63,31,32,35,28,0,0,63,0,24
2021-02-07,40-49,Pfizer/BioNTech,6629,2224,4405,4743,1796,90,0,1524,5105,197,6692,2255,4437,4778,1824,90,0,1587,5105,221
2021-02-07,50-59,Moderna,80,45,35,37,37,6,0,80,0,24,80,45,35,37,37,6,0,80,0,24
2021-02-07,50-59,Pfizer/BioNTech,8308,2819,5489,5847,2292,169,0,1808,6500,197,8388,2864,5524,5884,2329,175,0,1888,6500,221
2021-02-07,60-69,Moderna,65,43,22,33,20,12,0,65,0,43,65,43,22,33,20,12,0,65,0,43
2021-02-07,60-69,Pfizer/BioNTech,5768,2853,2915,4248,1342,178,0,1249,4519,197,5833,2896,2937,4281,1362,190,0,1314,4519,240
2021-02-07,70-79,Moderna,64,44,20,26,8,30,0,64,0,43,64,44,20,26,8,30,0,64,0,43
2021-02-07,70-79,Pfizer/BioNTech,1976,1288,688,1104,513,359,0,433,1543,197,2040,1332,708,1130,521,389,0,497,1543,240
2021-02-07,80-89,Moderna,53,15,38,4,1,44,4,53,0,51,53,15,38,4,1,44,4,53,0,51
2021-02-07,80-89,Pfizer/BioNTech,3716,1579,2137,158,320,853,2385,438,3278,173,3769,1594,2175,162,321,897,2389,491,3278,224
2021-02-07,90+,Moderna,38,10,28,2,0,30,6,38,0,42,38,10,28,2,0,30,6,38,0,42
2021-02-07,90+,Pfizer/BioNTech,1326,341,985,8,61,754,503,110,1216,153,1364,351,1013,10,61,784,509,148,1216,195
2021-02-08,16-19,Moderna,7,5,2,4,3,0,0,7,0,28,7,5,2,4,3,0,0,7,0,28
2021-02-08,16-19,Pfizer/BioNTech,77,29,48,44,19,14,0,22,55,103,84,34,50,48,22,14,0,29,55,131
2021-02-08,20-29,Moderna,101,46,55,67,34,0,0,101,0,100,101,46,55,67,34,0,0,101,0,100
2021-02-08,20-29,Pfizer/BioNTech,6611,2221,4390,5359,1132,120,0,2545,4066,210,6712,2267,4445,5426,1166,120,0,2646,4066,310
2021-02-08,30-39,Moderna,115,39,76,87,28,0,0,115,0,100,115,39,76,87,28,0,0,115,0,100
2021-02-08,30-39,Pfizer/BioNTech,7865,2899,4966,5800,1899,166,0,2839,5026,210,7980,2938,5042,5887,1927,166,0,2954,5026,310
2021-02-08,40-49,Moderna,189,69,120,125,60,4,0,189,0,100,189,69,120,125,60,4,0,189,0,100
2021-02-08,40-49,Pfizer/BioNTech,9706,3132,6574,6656,2773,277,0,3351,6355,214,9895,3201,6694,6781,2833,281,0,3540,6355,314
2021-02-08,50-59,Moderna,228,73,155,149,68,11,0,228,0,100,228,73,155,149,68,11,0,228,0,100
2021-02-08,50-59,Pfizer/BioNTech,12767,4105,8662,8561,3735,471,0,4399,8368,210,12995,4178,8817,8710,3803,482,0,4627,8368,310
2021-02-08,60-69,Moderna,145,63,82,68,52,25,0,145,0,100,145,63,82,68,52,25,0,145,0,100
2021-02-08,60-69,Pfizer/BioNTech,7881,3639,4242,5105,2121,655,0,2814,5067,210,8026,3702,4324,5173,2173,680,0,2959,5067,310
2021-02-08,70-79,Moderna,97,58,39,25,18,54,0,97,0,104,97,58,39,25,18,54,0,97,0,104
2021-02-08,70-79,Pfizer/BioNTech,2818,1688,1130,1209,489,1120,0,889,1929,208,2915,1746,1169,1234,507,1174,0,986,1929,312
2021-02-08,80-89,Moderna,719,283,436,7,56,154,502,719,0,116,719,283,436,7,56,154,502,719,0,116
2021-02-08,80-89,Pfizer/BioNTech,7624,3076,4548,394,152,2786,4292,4737,2887,210,8343,3359,4984,401,208,2940,4794,5456,2887,326
2021-02-08,90+,Moderna,242,74,168,1,27,94,120,242,0,92,242,74,168,1,27,94,120,242,0,92
2021-02-08,90+,Pfizer/BioNTech,3307,702,2605,54,38,2519,696,1092,2215,210,3549,776,2773,55,65,2613,816,1334,2215,302
