"","data_somministrazione","area","fascia_anagrafica","sesso_maschile","sesso_femminile","categoria_operatori_sanitari_sociosanitari","categoria_personale_non_sanitario","categoria_ospiti_rsa"
"1",2020-12-27,"ABR","16-19",0,0,0,0,0
"2",2020-12-27,"ABR","20-29",1,4,5,0,0
"3",2020-12-27,"ABR","30-39",5,11,16,0,0
"4",2020-12-27,"ABR","40-49",11,19,28,2,0
"5",2020-12-27,"ABR","50-59",19,15,31,3,0
"6",2020-12-27,"ABR","60-69",33,15,35,13,0
"7",2020-12-27,"ABR","70-79",1,0,0,0,1
"8",2020-12-27,"ABR","80-89",1,0,0,0,1
"9",2020-12-27,"ABR","90+",0,0,0,0,0
"10",2020-12-27,"BAS","16-19",0,0,0,0,0
"11",2020-12-27,"BAS","20-29",8,11,19,0,0
"12",2020-12-27,"BAS","30-39",14,32,46,0,0
"13",2020-12-27,"BAS","40-49",17,42,59,0,0
"14",2020-12-27,"BAS","50-59",25,25,50,0,0
"15",2020-12-27,"BAS","60-69",19,15,34,0,0
"16",2020-12-27,"BAS","70-79",0,0,0,0,0
"17",2020-12-27,"BAS","80-89",0,0,0,0,0
"18",2020-12-27,"BAS","90+",0,0,0,0,0
"19",2020-12-27,"CAL","16-19",0,0,0,0,0
"20",2020-12-27,"CAL","20-29",13,34,47,0,0
"21",2020-12-27,"CAL","30-39",22,22,44,0,0
"22",2020-12-27,"CAL","40-49",22,28,50,0,0
"23",2020-12-27,"CAL","50-59",46,26,71,1,0
"24",2020-12-27,"CAL","60-69",44,17,60,1,0
"25",2020-12-27,"CAL","70-79",0,0,0,0,0
"26",2020-12-27,"CAL","80-89",0,0,0,0,0
"27",2020-12-27,"CAL","90+",0,0,0,0,0
"28",2020-12-27,"CAM","16-19",0,0,0,0,0
"29",2020-12-27,"CAM","20-29",29,35,61,3,0
"30",2020-12-27,"CAM","30-39",63,66,125,4,0
"31",2020-12-27,"CAM","40-49",79,86,160,5,0
"32",2020-12-27,"CAM","50-59",119,73,188,4,0
"33",2020-12-27,"CAM","60-69",128,37,165,0,0
"34",2020-12-27,"CAM","70-79",5,0,4,1,0
"35",2020-12-27,"CAM","80-89",0,0,0,0,0
"36",2020-12-27,"CAM","90+",0,0,0,0,0
"37",2020-12-27,"EMR","20-29",52,86,88,49,1
"38",2020-12-27,"EMR","30-39",56,84,92,48,0
"39",2020-12-27,"EMR","40-49",79,144,127,95,1
"40",2020-12-27,"EMR","50-59",70,217,184,103,0
"41",2020-12-27,"EMR","60-69",98,51,85,61,3
"42",2020-12-27,"EMR","70-79",10,3,2,3,8
"43",2020-12-27,"EMR","80-89",2,6,0,0,8
"44",2020-12-27,"EMR","90+",0,5,0,0,5
"45",2020-12-27,"FVG","16-19",0,0,0,0,0
"46",2020-12-27,"FVG","20-29",1,4,5,0,0
"47",2020-12-27,"FVG","30-39",9,7,16,0,0
"48",2020-12-27,"FVG","40-49",16,34,50,0,0
"49",2020-12-27,"FVG","50-59",57,48,105,0,0
"50",2020-12-27,"FVG","60-69",63,22,85,0,0
"51",2020-12-27,"FVG","70-79",3,1,4,0,0
"52",2020-12-27,"FVG","80-89",0,0,0,0,0
"53",2020-12-27,"FVG","90+",0,0,0,0,0
"54",2020-12-27,"LAZ","16-19",0,0,0,0,0
"55",2020-12-27,"LAZ","20-29",18,18,36,0,0
"56",2020-12-27,"LAZ","30-39",26,21,47,0,0
"57",2020-12-27,"LAZ","40-49",16,17,33,0,0
"58",2020-12-27,"LAZ","50-59",20,21,40,1,0
"59",2020-12-27,"LAZ","60-69",11,11,22,0,0
"60",2020-12-27,"LAZ","70-79",0,0,0,0,0
"61",2020-12-27,"LAZ","80-89",0,0,0,0,0
"62",2020-12-27,"LAZ","90+",0,0,0,0,0
"63",2020-12-27,"LIG","16-19",0,0,0,0,0
"64",2020-12-27,"LIG","20-29",6,3,9,0,0
"65",2020-12-27,"LIG","30-39",12,12,24,0,0
"66",2020-12-27,"LIG","40-49",7,12,19,0,0
"67",2020-12-27,"LIG","50-59",16,20,34,1,1
"68",2020-12-27,"LIG","60-69",13,4,16,0,1
"69",2020-12-27,"LIG","70-79",2,3,0,2,3
"70",2020-12-27,"LIG","80-89",2,12,0,0,14
"71",2020-12-27,"LIG","90+",1,10,0,0,11
"72",2020-12-27,"LOM","16-19",37,13,50,0,0
"73",2020-12-27,"LOM","20-29",11,21,32,0,0
"74",2020-12-27,"LOM","30-39",35,31,62,4,0
"75",2020-12-27,"LOM","40-49",59,74,125,8,0
"76",2020-12-27,"LOM","50-59",126,114,235,5,0
"77",2020-12-27,"LOM","60-69",175,44,215,4,0
"78",2020-12-27,"LOM","70-79",8,5,10,1,2
"79",2020-12-27,"LOM","80-89",4,6,1,1,8
"80",2020-12-27,"LOM","90+",2,1,1,0,2
"81",2020-12-27,"MAR","16-19",0,0,0,0,0
"82",2020-12-27,"MAR","20-29",6,8,14,0,0
"83",2020-12-27,"MAR","30-39",5,16,21,0,0
"84",2020-12-27,"MAR","40-49",10,21,29,2,0
"85",2020-12-27,"MAR","50-59",13,23,32,4,0
"86",2020-12-27,"MAR","60-69",63,31,92,2,0
"87",2020-12-27,"MAR","70-79",0,1,0,0,1
"88",2020-12-27,"MAR","80-89",0,2,0,0,2
"89",2020-12-27,"MAR","90+",0,1,0,0,1
"90",2020-12-27,"MOL","16-19",0,0,0,0,0
"91",2020-12-27,"MOL","20-29",0,4,4,0,0
"92",2020-12-27,"MOL","30-39",4,5,8,1,0
"93",2020-12-27,"MOL","40-49",4,3,7,0,0
"94",2020-12-27,"MOL","50-59",5,5,10,0,0
"95",2020-12-27,"MOL","60-69",4,0,3,0,1
"96",2020-12-27,"MOL","70-79",1,3,0,0,4
"97",2020-12-27,"MOL","80-89",0,6,0,0,6
"98",2020-12-27,"MOL","90+",2,4,0,0,6
"99",2020-12-27,"PAB","16-19",0,0,0,0,0
"100",2020-12-27,"PAB","20-29",6,15,21,0,0
"101",2020-12-27,"PAB","30-39",11,14,25,0,0
"102",2020-12-27,"PAB","40-49",15,23,38,0,0
"103",2020-12-27,"PAB","50-59",23,23,46,0,0
"104",2020-12-27,"PAB","60-69",8,4,12,0,0
"105",2020-12-27,"PAB","70-79",1,0,1,0,0
"106",2020-12-27,"PAB","80-89",1,0,1,0,0
"107",2020-12-27,"PAB","90+",0,0,0,0,0
"108",2020-12-27,"PAT","16-19",0,0,0,0,0
"109",2020-12-27,"PAT","20-29",2,3,5,0,0
"110",2020-12-27,"PAT","30-39",2,6,8,0,0
"111",2020-12-27,"PAT","40-49",6,14,20,0,0
"112",2020-12-27,"PAT","50-59",10,19,26,2,1
"113",2020-12-27,"PAT","60-69",14,6,18,1,1
"114",2020-12-27,"PAT","70-79",3,1,0,0,4
"115",2020-12-27,"PAT","80-89",1,8,0,0,9
"116",2020-12-27,"PAT","90+",1,4,0,0,5
"117",2020-12-27,"PIE","16-19",0,0,0,0,0
"118",2020-12-27,"PIE","20-29",25,62,85,2,0
"119",2020-12-27,"PIE","30-39",59,81,132,8,0
"120",2020-12-27,"PIE","40-49",66,130,177,17,2
"121",2020-12-27,"PIE","50-59",103,188,249,39,3
"122",2020-12-27,"PIE","60-69",94,37,113,9,9
"123",2020-12-27,"PIE","70-79",9,10,1,0,18
"124",2020-12-27,"PIE","80-89",5,19,0,0,24
"125",2020-12-27,"PIE","90+",5,15,0,0,20
"126",2020-12-27,"PUG","16-19",0,0,0,0,0
"127",2020-12-27,"PUG","20-29",20,40,60,0,0
"128",2020-12-27,"PUG","30-39",34,58,91,1,0
"129",2020-12-27,"PUG","40-49",40,44,82,2,0
"130",2020-12-27,"PUG","50-59",73,67,132,6,2
"131",2020-12-27,"PUG","60-69",93,24,113,1,3
"132",2020-12-27,"PUG","70-79",11,7,4,1,13
"133",2020-12-27,"PUG","80-89",7,20,0,0,27
"134",2020-12-27,"PUG","90+",1,16,0,0,17
"135",2020-12-27,"SAR","16-19",0,0,0,0,0
"136",2020-12-27,"SAR","20-29",0,5,5,0,0
"137",2020-12-27,"SAR","30-39",0,3,3,0,0
"138",2020-12-27,"SAR","40-49",3,7,10,0,0
"139",2020-12-27,"SAR","50-59",12,8,20,0,0
"140",2020-12-27,"SAR","60-69",18,8,26,0,0
"141",2020-12-27,"SAR","70-79",1,0,1,0,0
"142",2020-12-27,"SAR","80-89",0,0,0,0,0
"143",2020-12-27,"SAR","90+",0,0,0,0,0
"144",2020-12-27,"SIC","16-19",0,0,0,0,0
"145",2020-12-27,"SIC","20-29",8,13,21,0,0
"146",2020-12-27,"SIC","30-39",7,8,15,0,0
"147",2020-12-27,"SIC","40-49",11,10,19,2,0
"148",2020-12-27,"SIC","50-59",18,7,21,0,4
"149",2020-12-27,"SIC","60-69",22,7,26,0,3
"150",2020-12-27,"SIC","70-79",8,4,3,0,9
"151",2020-12-27,"SIC","80-89",2,6,0,0,8
"152",2020-12-27,"SIC","90+",0,1,0,0,1
"153",2020-12-27,"TOS","16-19",0,0,0,0,0
"154",2020-12-27,"TOS","20-29",21,29,50,0,0
"155",2020-12-27,"TOS","30-39",50,64,114,0,0
"156",2020-12-27,"TOS","40-49",52,99,148,2,1
"157",2020-12-27,"TOS","50-59",72,113,174,3,8
"158",2020-12-27,"TOS","60-69",62,41,94,4,5
"159",2020-12-27,"TOS","70-79",8,1,1,0,8
"160",2020-12-27,"TOS","80-89",2,1,0,0,3
"161",2020-12-27,"TOS","90+",0,5,0,0,5
"162",2020-12-27,"UMB","16-19",0,0,0,0,0
"163",2020-12-27,"UMB","20-29",5,6,10,1,0
"164",2020-12-27,"UMB","30-39",10,9,18,1,0
"165",2020-12-27,"UMB","40-49",8,16,24,0,0
"166",2020-12-27,"UMB","50-59",22,20,40,2,0
"167",2020-12-27,"UMB","60-69",26,9,29,1,5
"168",2020-12-27,"UMB","70-79",3,3,1,0,5
"169",2020-12-27,"UMB","80-89",1,5,0,0,6
"170",2020-12-27,"UMB","90+",1,0,0,0,1
"171",2020-12-27,"VDA","16-19",0,0,0,0,0
"172",2020-12-27,"VDA","20-29",0,1,1,0,0
"173",2020-12-27,"VDA","30-39",1,0,1,0,0
"174",2020-12-27,"VDA","40-49",1,3,4,0,0
"175",2020-12-27,"VDA","50-59",4,5,9,0,0
"176",2020-12-27,"VDA","60-69",3,2,5,0,0
"177",2020-12-27,"VDA","70-79",0,0,0,0,0
"178",2020-12-27,"VDA","80-89",0,0,0,0,0
"179",2020-12-27,"VDA","90+",0,0,0,0,0
"180",2020-12-27,"VEN","16-19",0,0,0,0,0
"181",2020-12-27,"VEN","20-29",22,54,76,0,0
"182",2020-12-27,"VEN","30-39",66,57,123,0,0
"183",2020-12-27,"VEN","40-49",51,106,157,0,0
"184",2020-12-27,"VEN","50-59",122,217,338,1,0
"185",2020-12-27,"VEN","60-69",132,51,183,0,0
"186",2020-12-27,"VEN","70-79",2,0,2,0,0
"187",2020-12-27,"VEN","80-89",0,0,0,0,0
"188",2020-12-27,"VEN","90+",0,0,0,0,0
"189",2020-12-28,"CAL","16-19",0,0,0,0,0
"190",2020-12-28,"CAL","20-29",1,0,1,0,0
"191",2020-12-28,"CAL","30-39",0,1,1,0,0
"192",2020-12-28,"CAL","40-49",0,1,1,0,0
"193",2020-12-28,"CAL","50-59",0,1,1,0,0
"194",2020-12-28,"CAL","60-69",1,0,1,0,0
"195",2020-12-28,"CAL","70-79",0,0,0,0,0
"196",2020-12-28,"CAL","80-89",0,0,0,0,0
"197",2020-12-28,"CAL","90+",0,0,0,0,0
"198",2020-12-28,"LAZ","16-19",0,0,0,0,0
"199",2020-12-28,"LAZ","20-29",37,46,83,0,0
"200",2020-12-28,"LAZ","30-39",52,49,100,1,0
"201",2020-12-28,"LAZ","40-49",41,92,125,8,0
"202",2020-12-28,"LAZ","50-59",58,103,159,2,0
"203",2020-12-28,"LAZ","60-69",63,26,84,5,0
"204",2020-12-28,"LAZ","70-79",0,0,0,0,0
"205",2020-12-28,"LAZ","80-89",0,0,0,0,0
"206",2020-12-28,"LAZ","90+",0,0,0,0,0
"207",2020-12-28,"LIG","16-19",0,0,0,0,0
"208",2020-12-28,"LIG","20-29",1,3,4,0,0
"209",2020-12-28,"LIG","30-39",4,9,13,0,0
"210",2020-12-28,"LIG","40-49",9,14,23,0,0
"211",2020-12-28,"LIG","50-59",10,19,29,0,0
"212",2020-12-28,"LIG","60-69",5,5,10,0,0
"213",2020-12-28,"LIG","70-79",0,0,0,0,0
"214",2020-12-28,"LIG","80-89",1,0,0,1,0
"215",2020-12-28,"LIG","90+",0,0,0,0,0
"216",2020-12-28,"LOM","16-19",0,0,0,0,0
"217",2020-12-28,"LOM","20-29",20,20,34,6,0
"218",2020-12-28,"LOM","30-39",39,58,86,11,0
"219",2020-12-28,"LOM","40-49",40,61,92,9,0
"220",2020-12-28,"LOM","50-59",47,60,92,15,0
"221",2020-12-28,"LOM","60-69",25,21,34,12,0
"222",2020-12-28,"LOM","70-79",0,0,0,0,0
"223",2020-12-28,"LOM","80-89",0,0,0,0,0
"224",2020-12-28,"LOM","90+",0,0,0,0,0
"225",2020-12-28,"PAB","16-19",0,0,0,0,0
"226",2020-12-28,"PAB","20-29",0,0,0,0,0
"227",2020-12-28,"PAB","30-39",0,0,0,0,0
"228",2020-12-28,"PAB","40-49",0,0,0,0,0
"229",2020-12-28,"PAB","50-59",0,0,0,0,0
"230",2020-12-28,"PAB","60-69",0,0,0,0,0
"231",2020-12-28,"PAB","70-79",0,0,0,0,0
"232",2020-12-28,"PAB","80-89",0,0,0,0,0
"233",2020-12-28,"PAB","90+",0,0,0,0,0
"234",2020-12-28,"SAR","16-19",0,0,0,0,0
"235",2020-12-28,"SAR","20-29",0,1,1,0,0
"236",2020-12-28,"SAR","30-39",3,2,5,0,0
"237",2020-12-28,"SAR","40-49",8,11,19,0,0
"238",2020-12-28,"SAR","50-59",9,15,24,0,0
"239",2020-12-28,"SAR","60-69",5,11,16,0,0
"240",2020-12-28,"SAR","70-79",0,0,0,0,0
"241",2020-12-28,"SAR","80-89",0,0,0,0,0
"242",2020-12-28,"SAR","90+",0,0,0,0,0
"243",2020-12-28,"SIC","16-19",0,0,0,0,0
"244",2020-12-28,"SIC","20-29",13,13,26,0,0
"245",2020-12-28,"SIC","30-39",27,21,48,0,0
"246",2020-12-28,"SIC","40-49",22,20,42,0,0
"247",2020-12-28,"SIC","50-59",29,16,43,2,0
"248",2020-12-28,"SIC","60-69",37,16,53,0,0
"249",2020-12-28,"SIC","70-79",0,0,0,0,0
"250",2020-12-28,"SIC","80-89",0,0,0,0,0
"251",2020-12-28,"SIC","90+",0,0,0,0,0
"252",2020-12-29,"LAZ","16-19",0,0,0,0,0
"253",2020-12-29,"LAZ","20-29",6,32,38,0,0
"254",2020-12-29,"LAZ","30-39",24,35,53,6,0
"255",2020-12-29,"LAZ","40-49",22,45,62,5,0
"256",2020-12-29,"LAZ","50-59",40,88,124,4,0
"257",2020-12-29,"LAZ","60-69",35,20,55,0,0
"258",2020-12-29,"LAZ","70-79",2,2,4,0,0
"259",2020-12-29,"LAZ","80-89",0,0,0,0,0
"260",2020-12-29,"LAZ","90+",0,0,0,0,0
"261",2020-12-29,"LIG","16-19",0,0,0,0,0
"262",2020-12-29,"LIG","20-29",1,0,1,0,0
"263",2020-12-29,"LIG","30-39",9,20,27,2,0
"264",2020-12-29,"LIG","40-49",5,17,20,2,0
"265",2020-12-29,"LIG","50-59",8,30,38,0,0
"266",2020-12-29,"LIG","60-69",6,6,11,1,0
"267",2020-12-29,"LIG","70-79",2,3,0,2,3
"268",2020-12-29,"LIG","80-89",1,8,0,0,9
"269",2020-12-29,"LIG","90+",1,8,0,0,9
"270",2020-12-29,"LOM","16-19",1,0,0,1,0
"271",2020-12-29,"LOM","20-29",14,22,35,1,0
"272",2020-12-29,"LOM","30-39",47,62,103,6,0
"273",2020-12-29,"LOM","40-49",38,61,88,11,0
"274",2020-12-29,"LOM","50-59",37,80,85,32,0
"275",2020-12-29,"LOM","60-69",35,19,46,8,0
"276",2020-12-29,"LOM","70-79",0,0,0,0,0
"277",2020-12-29,"LOM","80-89",0,0,0,0,0
"278",2020-12-29,"LOM","90+",0,0,0,0,0
"279",2020-12-29,"SAR","16-19",0,0,0,0,0
"280",2020-12-29,"SAR","20-29",2,1,3,0,0
"281",2020-12-29,"SAR","30-39",1,2,3,0,0
"282",2020-12-29,"SAR","40-49",6,4,10,0,0
"283",2020-12-29,"SAR","50-59",8,11,18,1,0
"284",2020-12-29,"SAR","60-69",12,3,15,0,0
"285",2020-12-29,"SAR","70-79",0,0,0,0,0
"286",2020-12-29,"SAR","80-89",0,0,0,0,0
"287",2020-12-29,"SAR","90+",0,0,0,0,0
"288",2020-12-29,"SIC","16-19",0,0,0,0,0
"289",2020-12-29,"SIC","20-29",9,7,16,0,0
"290",2020-12-29,"SIC","30-39",27,24,51,0,0
"291",2020-12-29,"SIC","40-49",34,22,56,0,0
"292",2020-12-29,"SIC","50-59",30,21,51,0,0
"293",2020-12-29,"SIC","60-69",46,15,61,0,0
"294",2020-12-29,"SIC","70-79",0,0,0,0,0
"295",2020-12-29,"SIC","80-89",0,0,0,0,0
"296",2020-12-29,"SIC","90+",0,0,0,0,0
"297",2020-12-30,"EMR","50-59",0,1,1,0,0
"298",2020-12-30,"FVG","16-19",0,0,0,0,0
"299",2020-12-30,"FVG","20-29",18,35,49,4,0
"300",2020-12-30,"FVG","30-39",54,81,125,10,0
"301",2020-12-30,"FVG","40-49",46,114,148,12,0
"302",2020-12-30,"FVG","50-59",60,108,159,9,0
"303",2020-12-30,"FVG","60-69",57,38,90,5,0
"304",2020-12-30,"FVG","70-79",14,2,16,0,0
"305",2020-12-30,"FVG","80-89",1,1,2,0,0
"306",2020-12-30,"FVG","90+",0,0,0,0,0
"307",2020-12-30,"LAZ","16-19",0,0,0,0,0
"308",2020-12-30,"LAZ","20-29",52,81,133,0,0
"309",2020-12-30,"LAZ","30-39",138,181,318,1,0
"310",2020-12-30,"LAZ","40-49",165,281,442,4,0
"311",2020-12-30,"LAZ","50-59",163,271,423,11,0
"312",2020-12-30,"LAZ","60-69",116,93,197,5,7
"313",2020-12-30,"LAZ","70-79",17,20,10,0,27
"314",2020-12-30,"LAZ","80-89",4,16,0,0,20
"315",2020-12-30,"LAZ","90+",1,5,0,0,6
"316",2020-12-30,"LIG","16-19",0,0,0,0,0
"317",2020-12-30,"LIG","20-29",1,0,1,0,0
"318",2020-12-30,"LIG","30-39",0,1,1,0,0
"319",2020-12-30,"LIG","40-49",0,2,2,0,0
"320",2020-12-30,"LIG","50-59",4,3,7,0,0
"321",2020-12-30,"LIG","60-69",0,1,1,0,0
"322",2020-12-30,"LIG","70-79",0,0,0,0,0
"323",2020-12-30,"LIG","80-89",0,0,0,0,0
"324",2020-12-30,"LIG","90+",0,0,0,0,0
"325",2020-12-30,"LOM","16-19",0,0,0,0,0
"326",2020-12-30,"LOM","20-29",4,12,13,3,0
"327",2020-12-30,"LOM","30-39",10,25,33,2,0
"328",2020-12-30,"LOM","40-49",10,17,27,0,0
"329",2020-12-30,"LOM","50-59",16,25,37,4,0
"330",2020-12-30,"LOM","60-69",4,5,8,1,0
"331",2020-12-30,"LOM","70-79",0,0,0,0,0
"332",2020-12-30,"LOM","80-89",0,0,0,0,0
"333",2020-12-30,"LOM","90+",0,0,0,0,0
"334",2020-12-30,"MAR","16-19",0,0,0,0,0
"335",2020-12-30,"MAR","20-29",1,3,3,1,0
"336",2020-12-30,"MAR","30-39",0,1,1,0,0
"337",2020-12-30,"MAR","40-49",1,2,3,0,0
"338",2020-12-30,"MAR","50-59",2,6,6,2,0
"339",2020-12-30,"MAR","60-69",1,0,1,0,0
"340",2020-12-30,"MAR","70-79",0,0,0,0,0
"341",2020-12-30,"MAR","80-89",0,0,0,0,0
"342",2020-12-30,"MAR","90+",0,0,0,0,0
"343",2020-12-30,"PAB","16-19",0,0,0,0,0
"344",2020-12-30,"PAB","20-29",23,26,44,5,0
"345",2020-12-30,"PAB","30-39",32,56,80,8,0
"346",2020-12-30,"PAB","40-49",47,83,123,7,0
"347",2020-12-30,"PAB","50-59",39,48,67,20,0
"348",2020-12-30,"PAB","60-69",21,7,28,0,0
"349",2020-12-30,"PAB","70-79",1,0,1,0,0
"350",2020-12-30,"PAB","80-89",0,0,0,0,0
"351",2020-12-30,"PAB","90+",0,0,0,0,0
"352",2020-12-30,"PIE","16-19",0,0,0,0,0
"353",2020-12-30,"PIE","20-29",48,75,118,5,0
"354",2020-12-30,"PIE","30-39",62,43,101,4,0
"355",2020-12-30,"PIE","40-49",79,101,165,15,0
"356",2020-12-30,"PIE","50-59",78,140,199,19,0
"357",2020-12-30,"PIE","60-69",53,44,93,4,0
"358",2020-12-30,"PIE","70-79",0,0,0,0,0
"359",2020-12-30,"PIE","80-89",0,0,0,0,0
"360",2020-12-30,"PIE","90+",0,0,0,0,0
"361",2020-12-30,"SIC","16-19",0,0,0,0,0
"362",2020-12-30,"SIC","20-29",25,14,32,7,0
"363",2020-12-30,"SIC","30-39",35,34,69,0,0
"364",2020-12-30,"SIC","40-49",29,21,46,4,0
"365",2020-12-30,"SIC","50-59",33,15,44,4,0
"366",2020-12-30,"SIC","60-69",20,13,30,3,0
"367",2020-12-30,"SIC","70-79",0,0,0,0,0
"368",2020-12-30,"SIC","80-89",0,0,0,0,0
"369",2020-12-30,"SIC","90+",0,0,0,0,0
"370",2020-12-30,"TOS","16-19",2,0,0,0,2
"371",2020-12-30,"TOS","20-29",9,3,4,0,8
"372",2020-12-30,"TOS","30-39",7,8,5,1,9
"373",2020-12-30,"TOS","40-49",5,15,6,1,13
"374",2020-12-30,"TOS","50-59",15,19,16,2,16
"375",2020-12-30,"TOS","60-69",11,9,2,2,16
"376",2020-12-30,"TOS","70-79",16,14,1,0,29
"377",2020-12-30,"TOS","80-89",22,80,0,0,102
"378",2020-12-30,"TOS","90+",9,58,0,0,67
"379",2020-12-30,"VEN","16-19",0,0,0,0,0
"380",2020-12-30,"VEN","20-29",14,38,48,4,0
"381",2020-12-30,"VEN","30-39",46,74,118,2,0
"382",2020-12-30,"VEN","40-49",57,144,191,10,0
"383",2020-12-30,"VEN","50-59",67,151,203,15,0
"384",2020-12-30,"VEN","60-69",45,27,61,7,4
"385",2020-12-30,"VEN","70-79",4,4,0,0,8
"386",2020-12-30,"VEN","80-89",10,10,0,0,20
"387",2020-12-30,"VEN","90+",2,5,0,0,7
"388",2020-12-31,"CAM","16-19",0,0,0,0,0
"389",2020-12-31,"CAM","20-29",47,77,111,13,0
"390",2020-12-31,"CAM","30-39",127,146,239,34,0
"391",2020-12-31,"CAM","40-49",170,180,322,28,0
"392",2020-12-31,"CAM","50-59",227,183,357,52,1
"393",2020-12-31,"CAM","60-69",210,82,245,47,0
"394",2020-12-31,"CAM","70-79",24,10,31,3,0
"395",2020-12-31,"CAM","80-89",1,0,1,0,0
"396",2020-12-31,"CAM","90+",0,0,0,0,0
"397",2020-12-31,"EMR","16-19",0,1,0,0,1
"398",2020-12-31,"EMR","20-29",61,172,193,34,6
"399",2020-12-31,"EMR","30-39",169,217,294,87,5
"400",2020-12-31,"EMR","40-49",149,299,317,121,10
"401",2020-12-31,"EMR","50-59",137,342,357,112,10
"402",2020-12-31,"EMR","60-69",177,109,203,54,29
"403",2020-12-31,"EMR","70-79",16,31,4,2,41
"404",2020-12-31,"EMR","80-89",21,102,1,0,122
"405",2020-12-31,"EMR","90+",11,88,0,1,98
"406",2020-12-31,"FVG","16-19",0,0,0,0,0
"407",2020-12-31,"FVG","20-29",38,84,88,34,0
"408",2020-12-31,"FVG","30-39",89,133,203,19,0
"409",2020-12-31,"FVG","40-49",73,179,237,15,0
"410",2020-12-31,"FVG","50-59",83,210,280,13,0
"411",2020-12-31,"FVG","60-69",84,62,142,4,0
"412",2020-12-31,"FVG","70-79",15,2,16,1,0
"413",2020-12-31,"FVG","80-89",1,0,1,0,0
"414",2020-12-31,"FVG","90+",1,0,1,0,0
"415",2020-12-31,"LAZ","16-19",0,0,0,0,0
"416",2020-12-31,"LAZ","20-29",132,254,380,5,1
"417",2020-12-31,"LAZ","30-39",376,548,906,15,3
"418",2020-12-31,"LAZ","40-49",414,755,1110,46,13
"419",2020-12-31,"LAZ","50-59",535,869,1346,40,18
"420",2020-12-31,"LAZ","60-69",487,307,726,33,35
"421",2020-12-31,"LAZ","70-79",26,34,16,1,43
"422",2020-12-31,"LAZ","80-89",27,80,0,0,107
"423",2020-12-31,"LAZ","90+",6,57,0,0,63
"424",2020-12-31,"LIG","16-19",0,0,0,0,0
"425",2020-12-31,"LIG","20-29",19,52,70,1,0
"426",2020-12-31,"LIG","30-39",49,64,113,0,0
"427",2020-12-31,"LIG","40-49",38,115,148,4,1
"428",2020-12-31,"LIG","50-59",99,199,278,11,9
"429",2020-12-31,"LIG","60-69",92,46,115,5,18
"430",2020-12-31,"LIG","70-79",24,23,6,1,40
"431",2020-12-31,"LIG","80-89",12,56,0,0,68
"432",2020-12-31,"LIG","90+",8,39,0,0,47
"433",2020-12-31,"LOM","16-19",0,0,0,0,0
"434",2020-12-31,"LOM","20-29",19,32,51,0,0
"435",2020-12-31,"LOM","30-39",58,83,134,7,0
"436",2020-12-31,"LOM","40-49",58,104,153,9,0
"437",2020-12-31,"LOM","50-59",79,157,228,8,0
"438",2020-12-31,"LOM","60-69",48,26,72,2,0
"439",2020-12-31,"LOM","70-79",1,0,1,0,0
"440",2020-12-31,"LOM","80-89",0,0,0,0,0
"441",2020-12-31,"LOM","90+",0,0,0,0,0
"442",2020-12-31,"MAR","16-19",0,0,0,0,0
"443",2020-12-31,"MAR","20-29",5,8,13,0,0
"444",2020-12-31,"MAR","30-39",36,42,77,1,0
"445",2020-12-31,"MAR","40-49",42,62,104,0,0
"446",2020-12-31,"MAR","50-59",38,56,91,3,0
"447",2020-12-31,"MAR","60-69",52,43,86,9,0
"448",2020-12-31,"MAR","70-79",0,0,0,0,0
"449",2020-12-31,"MAR","80-89",0,0,0,0,0
"450",2020-12-31,"MAR","90+",0,0,0,0,0
"451",2020-12-31,"PAB","16-19",0,0,0,0,0
"452",2020-12-31,"PAB","20-29",18,24,36,6,0
"453",2020-12-31,"PAB","30-39",34,44,68,10,0
"454",2020-12-31,"PAB","40-49",42,70,95,17,0
"455",2020-12-31,"PAB","50-59",63,91,127,27,0
"456",2020-12-31,"PAB","60-69",43,12,42,13,0
"457",2020-12-31,"PAB","70-79",3,0,3,0,0
"458",2020-12-31,"PAB","80-89",0,0,0,0,0
"459",2020-12-31,"PAB","90+",0,0,0,0,0
"460",2020-12-31,"PAT","16-19",0,1,1,0,0
"461",2020-12-31,"PAT","20-29",28,75,99,4,0
"462",2020-12-31,"PAT","30-39",56,104,151,8,1
"463",2020-12-31,"PAT","40-49",49,191,211,25,4
"464",2020-12-31,"PAT","50-59",82,233,244,54,17
"465",2020-12-31,"PAT","60-69",67,73,92,9,39
"466",2020-12-31,"PAT","70-79",55,64,11,1,107
"467",2020-12-31,"PAT","80-89",72,174,2,0,244
"468",2020-12-31,"PAT","90+",14,156,0,1,169
"469",2020-12-31,"PIE","16-19",0,3,3,0,0
"470",2020-12-31,"PIE","20-29",113,234,333,14,0
"471",2020-12-31,"PIE","30-39",245,372,590,27,0
"472",2020-12-31,"PIE","40-49",254,665,847,72,0
"473",2020-12-31,"PIE","50-59",383,896,1085,194,0
"474",2020-12-31,"PIE","60-69",258,217,406,58,11
"475",2020-12-31,"PIE","70-79",20,16,7,0,29
"476",2020-12-31,"PIE","80-89",22,35,4,0,53
"477",2020-12-31,"PIE","90+",4,36,0,0,40
"478",2020-12-31,"PUG","16-19",0,0,0,0,0
"479",2020-12-31,"PUG","20-29",88,91,174,5,0
"480",2020-12-31,"PUG","30-39",131,155,275,11,0
"481",2020-12-31,"PUG","40-49",158,170,313,15,0
"482",2020-12-31,"PUG","50-59",160,162,303,18,1
"483",2020-12-31,"PUG","60-69",76,65,133,7,1
"484",2020-12-31,"PUG","70-79",4,5,4,0,5
"485",2020-12-31,"PUG","80-89",1,3,0,0,4
"486",2020-12-31,"PUG","90+",0,5,0,0,5
"487",2020-12-31,"SAR","16-19",0,0,0,0,0
"488",2020-12-31,"SAR","20-29",0,0,0,0,0
"489",2020-12-31,"SAR","30-39",1,2,3,0,0
"490",2020-12-31,"SAR","40-49",2,3,4,1,0
"491",2020-12-31,"SAR","50-59",6,10,12,4,0
"492",2020-12-31,"SAR","60-69",6,1,7,0,0
"493",2020-12-31,"SAR","70-79",1,0,1,0,0
"494",2020-12-31,"SAR","80-89",0,0,0,0,0
"495",2020-12-31,"SAR","90+",0,0,0,0,0
"496",2020-12-31,"SIC","16-19",2,0,0,2,0
"497",2020-12-31,"SIC","20-29",61,71,131,1,0
"498",2020-12-31,"SIC","30-39",82,84,165,1,0
"499",2020-12-31,"SIC","40-49",96,96,191,1,0
"500",2020-12-31,"SIC","50-59",129,98,226,1,0
"501",2020-12-31,"SIC","60-69",93,48,138,3,0
"502",2020-12-31,"SIC","70-79",6,0,6,0,0
"503",2020-12-31,"SIC","80-89",0,0,0,0,0
"504",2020-12-31,"SIC","90+",0,0,0,0,0
"505",2020-12-31,"TOS","16-19",0,0,0,0,0
"506",2020-12-31,"TOS","20-29",5,8,13,0,0
"507",2020-12-31,"TOS","30-39",9,16,22,0,3
"508",2020-12-31,"TOS","40-49",8,25,23,1,9
"509",2020-12-31,"TOS","50-59",19,40,23,2,34
"510",2020-12-31,"TOS","60-69",25,45,14,0,56
"511",2020-12-31,"TOS","70-79",38,78,0,1,115
"512",2020-12-31,"TOS","80-89",57,189,2,0,244
"513",2020-12-31,"TOS","90+",26,171,0,0,197
"514",2020-12-31,"UMB","16-19",0,0,0,0,0
"515",2020-12-31,"UMB","20-29",5,12,17,0,0
"516",2020-12-31,"UMB","30-39",18,28,46,0,0
"517",2020-12-31,"UMB","40-49",18,49,67,0,0
"518",2020-12-31,"UMB","50-59",26,62,88,0,0
"519",2020-12-31,"UMB","60-69",22,11,32,1,0
"520",2020-12-31,"UMB","70-79",0,0,0,0,0
"521",2020-12-31,"UMB","80-89",0,0,0,0,0
"522",2020-12-31,"UMB","90+",0,0,0,0,0
"523",2020-12-31,"VDA","16-19",0,0,0,0,0
"524",2020-12-31,"VDA","20-29",0,1,1,0,0
"525",2020-12-31,"VDA","30-39",0,2,2,0,0
"526",2020-12-31,"VDA","40-49",1,2,3,0,0
"527",2020-12-31,"VDA","50-59",3,8,11,0,0
"528",2020-12-31,"VDA","60-69",0,1,1,0,0
"529",2020-12-31,"VDA","70-79",0,0,0,0,0
"530",2020-12-31,"VDA","80-89",0,0,0,0,0
"531",2020-12-31,"VDA","90+",0,0,0,0,0
"532",2020-12-31,"VEN","16-19",1,0,0,1,0
"533",2020-12-31,"VEN","20-29",91,252,338,4,1
"534",2020-12-31,"VEN","30-39",185,312,484,13,0
"535",2020-12-31,"VEN","40-49",200,555,735,20,0
"536",2020-12-31,"VEN","50-59",278,681,905,50,4
"537",2020-12-31,"VEN","60-69",234,161,372,12,11
"538",2020-12-31,"VEN","70-79",18,25,5,1,37
"539",2020-12-31,"VEN","80-89",16,62,1,0,77
"540",2020-12-31,"VEN","90+",2,73,0,0,75
"541",2021-01-01,"CAM","16-19",0,0,0,0,0
"542",2021-01-01,"CAM","20-29",26,49,72,3,0
"543",2021-01-01,"CAM","30-39",94,98,177,15,0
"544",2021-01-01,"CAM","40-49",103,119,209,13,0
"545",2021-01-01,"CAM","50-59",152,102,229,25,0
"546",2021-01-01,"CAM","60-69",121,43,146,18,0
"547",2021-01-01,"CAM","70-79",0,0,0,0,0
"548",2021-01-01,"CAM","80-89",0,0,0,0,0
"549",2021-01-01,"CAM","90+",0,0,0,0,0
"550",2021-01-01,"LAZ","16-19",0,3,1,1,1
"551",2021-01-01,"LAZ","20-29",83,232,308,6,1
"552",2021-01-01,"LAZ","30-39",240,355,578,15,2
"553",2021-01-01,"LAZ","40-49",284,577,821,32,8
"554",2021-01-01,"LAZ","50-59",447,667,1062,41,11
"555",2021-01-01,"LAZ","60-69",309,285,544,39,11
"556",2021-01-01,"LAZ","70-79",22,18,21,3,16
"557",2021-01-01,"LAZ","80-89",8,8,3,0,13
"558",2021-01-01,"LAZ","90+",3,4,0,1,6
"559",2021-01-01,"LIG","16-19",0,0,0,0,0
"560",2021-01-01,"LIG","20-29",5,10,11,4,0
"561",2021-01-01,"LIG","30-39",11,11,21,1,0
"562",2021-01-01,"LIG","40-49",14,20,32,2,0
"563",2021-01-01,"LIG","50-59",15,42,56,1,0
"564",2021-01-01,"LIG","60-69",10,6,13,3,0
"565",2021-01-01,"LIG","70-79",0,0,0,0,0
"566",2021-01-01,"LIG","80-89",0,0,0,0,0
"567",2021-01-01,"LIG","90+",0,0,0,0,0
"568",2021-01-01,"LOM","16-19",0,0,0,0,0
"569",2021-01-01,"LOM","20-29",0,2,2,0,0
"570",2021-01-01,"LOM","30-39",2,3,5,0,0
"571",2021-01-01,"LOM","40-49",0,6,6,0,0
"572",2021-01-01,"LOM","50-59",3,5,8,0,0
"573",2021-01-01,"LOM","60-69",1,1,2,0,0
"574",2021-01-01,"LOM","70-79",1,0,1,0,0
"575",2021-01-01,"LOM","80-89",0,0,0,0,0
"576",2021-01-01,"LOM","90+",0,0,0,0,0
"577",2021-01-01,"PAT","16-19",1,0,1,0,0
"578",2021-01-01,"PAT","20-29",2,5,7,0,0
"579",2021-01-01,"PAT","30-39",6,11,14,2,1
"580",2021-01-01,"PAT","40-49",7,41,47,1,0
"581",2021-01-01,"PAT","50-59",8,29,30,5,2
"582",2021-01-01,"PAT","60-69",8,13,12,3,6
"583",2021-01-01,"PAT","70-79",4,7,0,0,11
"584",2021-01-01,"PAT","80-89",10,33,0,0,43
"585",2021-01-01,"PAT","90+",3,21,0,0,24
"586",2021-01-01,"PIE","16-19",0,0,0,0,0
"587",2021-01-01,"PIE","20-29",51,85,133,3,0
"588",2021-01-01,"PIE","30-39",61,95,144,12,0
"589",2021-01-01,"PIE","40-49",81,144,211,14,0
"590",2021-01-01,"PIE","50-59",116,258,310,64,0
"591",2021-01-01,"PIE","60-69",68,50,97,21,0
"592",2021-01-01,"PIE","70-79",4,1,5,0,0
"593",2021-01-01,"PIE","80-89",0,0,0,0,0
"594",2021-01-01,"PIE","90+",0,0,0,0,0
"595",2021-01-01,"PUG","16-19",0,0,0,0,0
"596",2021-01-01,"PUG","20-29",6,16,22,0,0
"597",2021-01-01,"PUG","30-39",15,25,40,0,0
"598",2021-01-01,"PUG","40-49",16,29,45,0,0
"599",2021-01-01,"PUG","50-59",24,18,42,0,0
"600",2021-01-01,"PUG","60-69",16,14,30,0,0
"601",2021-01-01,"PUG","70-79",0,0,0,0,0
"602",2021-01-01,"PUG","80-89",0,0,0,0,0
"603",2021-01-01,"PUG","90+",0,0,0,0,0
"604",2021-01-01,"SAR","16-19",0,0,0,0,0
"605",2021-01-01,"SAR","20-29",1,0,1,0,0
"606",2021-01-01,"SAR","30-39",2,2,4,0,0
"607",2021-01-01,"SAR","40-49",3,5,8,0,0
"608",2021-01-01,"SAR","50-59",3,7,10,0,0
"609",2021-01-01,"SAR","60-69",7,0,7,0,0
"610",2021-01-01,"SAR","70-79",0,0,0,0,0
"611",2021-01-01,"SAR","80-89",0,0,0,0,0
"612",2021-01-01,"SAR","90+",0,0,0,0,0
"613",2021-01-01,"SIC","16-19",1,0,0,1,0
"614",2021-01-01,"SIC","20-29",66,88,151,3,0
"615",2021-01-01,"SIC","30-39",89,112,200,1,0
"616",2021-01-01,"SIC","40-49",98,76,168,6,0
"617",2021-01-01,"SIC","50-59",101,69,152,18,0
"618",2021-01-01,"SIC","60-69",70,31,97,4,0
"619",2021-01-01,"SIC","70-79",8,0,8,0,0
"620",2021-01-01,"SIC","80-89",0,0,0,0,0
"621",2021-01-01,"SIC","90+",0,0,0,0,0
"622",2021-01-01,"TOS","16-19",0,0,0,0,0
"623",2021-01-01,"TOS","20-29",69,153,221,1,0
"624",2021-01-01,"TOS","30-39",126,234,356,0,4
"625",2021-01-01,"TOS","40-49",135,295,426,1,3
"626",2021-01-01,"TOS","50-59",182,340,501,0,21
"627",2021-01-01,"TOS","60-69",130,99,196,0,33
"628",2021-01-01,"TOS","70-79",53,40,6,0,87
"629",2021-01-01,"TOS","80-89",56,201,6,0,251
"630",2021-01-01,"TOS","90+",34,217,2,0,249
"631",2021-01-01,"UMB","16-19",0,0,0,0,0
"632",2021-01-01,"UMB","20-29",4,9,13,0,0
"633",2021-01-01,"UMB","30-39",33,39,72,0,0
"634",2021-01-01,"UMB","40-49",32,60,91,1,0
"635",2021-01-01,"UMB","50-59",25,52,76,1,0
"636",2021-01-01,"UMB","60-69",16,11,26,1,0
"637",2021-01-01,"UMB","70-79",0,0,0,0,0
"638",2021-01-01,"UMB","80-89",0,0,0,0,0
"639",2021-01-01,"UMB","90+",0,0,0,0,0
"640",2021-01-01,"VEN","16-19",0,0,0,0,0
"641",2021-01-01,"VEN","20-29",46,105,151,0,0
"642",2021-01-01,"VEN","30-39",108,189,295,2,0
"643",2021-01-01,"VEN","40-49",102,315,414,3,0
"644",2021-01-01,"VEN","50-59",133,374,503,4,0
"645",2021-01-01,"VEN","60-69",80,66,145,1,0
"646",2021-01-01,"VEN","70-79",0,0,0,0,0
"647",2021-01-01,"VEN","80-89",0,1,0,0,1
"648",2021-01-01,"VEN","90+",0,0,0,0,0
"649",2021-01-02,"ABR","16-19",0,1,1,0,0
"650",2021-01-02,"ABR","20-29",16,55,71,0,0
"651",2021-01-02,"ABR","30-39",52,76,127,1,0
"652",2021-01-02,"ABR","40-49",50,93,140,3,0
"653",2021-01-02,"ABR","50-59",48,76,124,0,0
"654",2021-01-02,"ABR","60-69",51,31,81,1,0
"655",2021-01-02,"ABR","70-79",1,0,1,0,0
"656",2021-01-02,"ABR","80-89",0,0,0,0,0
"657",2021-01-02,"ABR","90+",0,0,0,0,0
"658",2021-01-02,"BAS","16-19",0,0,0,0,0
"659",2021-01-02,"BAS","20-29",13,47,59,1,0
"660",2021-01-02,"BAS","30-39",56,93,146,3,0
"661",2021-01-02,"BAS","40-49",97,162,245,14,0
"662",2021-01-02,"BAS","50-59",106,165,258,13,0
"663",2021-01-02,"BAS","60-69",83,62,129,16,0
"664",2021-01-02,"BAS","70-79",1,0,0,1,0
"665",2021-01-02,"BAS","80-89",0,0,0,0,0
"666",2021-01-02,"BAS","90+",0,0,0,0,0
"667",2021-01-02,"CAL","16-19",0,0,0,0,0
"668",2021-01-02,"CAL","20-29",4,6,10,0,0
"669",2021-01-02,"CAL","30-39",8,8,16,0,0
"670",2021-01-02,"CAL","40-49",10,25,35,0,0
"671",2021-01-02,"CAL","50-59",28,30,58,0,0
"672",2021-01-02,"CAL","60-69",47,3,50,0,0
"673",2021-01-02,"CAL","70-79",0,0,0,0,0
"674",2021-01-02,"CAL","80-89",0,0,0,0,0
"675",2021-01-02,"CAL","90+",0,0,0,0,0
"676",2021-01-02,"CAM","16-19",0,0,0,0,0
"677",2021-01-02,"CAM","20-29",115,158,247,26,0
"678",2021-01-02,"CAM","30-39",311,305,538,78,0
"679",2021-01-02,"CAM","40-49",357,424,723,58,0
"680",2021-01-02,"CAM","50-59",525,465,902,88,0
"681",2021-01-02,"CAM","60-69",573,292,767,98,0
"682",2021-01-02,"CAM","70-79",26,7,28,5,0
"683",2021-01-02,"CAM","80-89",2,0,2,0,0
"684",2021-01-02,"CAM","90+",0,0,0,0,0
"685",2021-01-02,"EMR","16-19",2,0,1,1,0
"686",2021-01-02,"EMR","20-29",96,146,226,16,0
"687",2021-01-02,"EMR","30-39",228,263,450,41,0
"688",2021-01-02,"EMR","40-49",173,326,450,49,0
"689",2021-01-02,"EMR","50-59",180,385,483,80,2
"690",2021-01-02,"EMR","60-69",176,146,258,53,11
"691",2021-01-02,"EMR","70-79",15,21,6,4,26
"692",2021-01-02,"EMR","80-89",14,50,0,2,62
"693",2021-01-02,"EMR","90+",5,44,0,0,49
"694",2021-01-02,"FVG","16-19",0,0,0,0,0
"695",2021-01-02,"FVG","20-29",63,97,124,36,0
"696",2021-01-02,"FVG","30-39",95,143,217,21,0
"697",2021-01-02,"FVG","40-49",91,203,281,13,0
"698",2021-01-02,"FVG","50-59",87,233,291,29,0
"699",2021-01-02,"FVG","60-69",107,64,164,7,0
"700",2021-01-02,"FVG","70-79",25,3,27,1,0
"701",2021-01-02,"FVG","80-89",1,0,1,0,0
"702",2021-01-02,"FVG","90+",0,0,0,0,0
"703",2021-01-02,"LAZ","16-19",11,21,19,3,10
"704",2021-01-02,"LAZ","20-29",227,435,598,44,20
"705",2021-01-02,"LAZ","30-39",426,727,1099,33,21
"706",2021-01-02,"LAZ","40-49",492,993,1391,72,22
"707",2021-01-02,"LAZ","50-59",695,1180,1744,88,43
"708",2021-01-02,"LAZ","60-69",662,535,1101,44,52
"709",2021-01-02,"LAZ","70-79",74,51,44,7,74
"710",2021-01-02,"LAZ","80-89",32,100,3,3,126
"711",2021-01-02,"LAZ","90+",5,62,0,0,67
"712",2021-01-02,"LIG","16-19",0,3,3,0,0
"713",2021-01-02,"LIG","20-29",20,41,58,3,0
"714",2021-01-02,"LIG","30-39",38,70,91,17,0
"715",2021-01-02,"LIG","40-49",60,127,162,25,0
"716",2021-01-02,"LIG","50-59",82,170,209,43,0
"717",2021-01-02,"LIG","60-69",45,35,64,16,0
"718",2021-01-02,"LIG","70-79",1,0,0,1,0
"719",2021-01-02,"LIG","80-89",0,0,0,0,0
"720",2021-01-02,"LIG","90+",0,0,0,0,0
"721",2021-01-02,"LOM","16-19",0,0,0,0,0
"722",2021-01-02,"LOM","20-29",9,23,32,0,0
"723",2021-01-02,"LOM","30-39",15,26,39,2,0
"724",2021-01-02,"LOM","40-49",13,40,51,2,0
"725",2021-01-02,"LOM","50-59",21,30,48,3,0
"726",2021-01-02,"LOM","60-69",16,7,22,1,0
"727",2021-01-02,"LOM","70-79",0,0,0,0,0
"728",2021-01-02,"LOM","80-89",0,0,0,0,0
"729",2021-01-02,"LOM","90+",0,0,0,0,0
"730",2021-01-02,"MAR","16-19",0,0,0,0,0
"731",2021-01-02,"MAR","20-29",12,28,40,0,0
"732",2021-01-02,"MAR","30-39",38,61,95,4,0
"733",2021-01-02,"MAR","40-49",33,96,123,6,0
"734",2021-01-02,"MAR","50-59",46,127,163,10,0
"735",2021-01-02,"MAR","60-69",34,34,60,8,0
"736",2021-01-02,"MAR","70-79",4,1,4,1,0
"737",2021-01-02,"MAR","80-89",1,0,0,1,0
"738",2021-01-02,"MAR","90+",0,0,0,0,0
"739",2021-01-02,"PAB","16-19",0,0,0,0,0
"740",2021-01-02,"PAB","20-29",1,4,5,0,0
"741",2021-01-02,"PAB","30-39",3,7,10,0,0
"742",2021-01-02,"PAB","40-49",11,17,28,0,0
"743",2021-01-02,"PAB","50-59",5,6,11,0,0
"744",2021-01-02,"PAB","60-69",8,4,12,0,0
"745",2021-01-02,"PAB","70-79",0,0,0,0,0
"746",2021-01-02,"PAB","80-89",0,0,0,0,0
"747",2021-01-02,"PAB","90+",0,0,0,0,0
"748",2021-01-02,"PAT","16-19",1,0,0,1,0
"749",2021-01-02,"PAT","20-29",14,34,47,0,1
"750",2021-01-02,"PAT","30-39",24,44,68,0,0
"751",2021-01-02,"PAT","40-49",20,77,90,6,1
"752",2021-01-02,"PAT","50-59",19,86,96,7,2
"753",2021-01-02,"PAT","60-69",14,27,31,6,4
"754",2021-01-02,"PAT","70-79",18,10,1,1,26
"755",2021-01-02,"PAT","80-89",21,37,4,1,53
"756",2021-01-02,"PAT","90+",11,44,0,2,53
"757",2021-01-02,"PIE","16-19",0,4,3,1,0
"758",2021-01-02,"PIE","20-29",127,322,421,28,0
"759",2021-01-02,"PIE","30-39",229,376,557,48,0
"760",2021-01-02,"PIE","40-49",225,600,758,67,0
"761",2021-01-02,"PIE","50-59",297,857,990,164,0
"762",2021-01-02,"PIE","60-69",202,191,307,85,1
"763",2021-01-02,"PIE","70-79",28,2,12,11,7
"764",2021-01-02,"PIE","80-89",10,20,2,3,25
"765",2021-01-02,"PIE","90+",2,17,0,0,19
"766",2021-01-02,"PUG","16-19",0,2,0,2,0
"767",2021-01-02,"PUG","20-29",80,174,252,2,0
"768",2021-01-02,"PUG","30-39",252,345,590,7,0
"769",2021-01-02,"PUG","40-49",276,462,711,27,0
"770",2021-01-02,"PUG","50-59",365,467,800,30,2
"771",2021-01-02,"PUG","60-69",282,144,411,15,0
"772",2021-01-02,"PUG","70-79",11,15,17,9,0
"773",2021-01-02,"PUG","80-89",8,5,6,4,3
"774",2021-01-02,"PUG","90+",4,11,2,10,3
"775",2021-01-02,"SAR","16-19",0,0,0,0,0
"776",2021-01-02,"SAR","20-29",0,3,3,0,0
"777",2021-01-02,"SAR","30-39",1,5,6,0,0
"778",2021-01-02,"SAR","40-49",3,11,14,0,0
"779",2021-01-02,"SAR","50-59",10,15,25,0,0
"780",2021-01-02,"SAR","60-69",7,5,12,0,0
"781",2021-01-02,"SAR","70-79",0,0,0,0,0
"782",2021-01-02,"SAR","80-89",0,0,0,0,0
"783",2021-01-02,"SAR","90+",0,0,0,0,0
"784",2021-01-02,"SIC","16-19",3,2,0,5,0
"785",2021-01-02,"SIC","20-29",234,292,501,25,0
"786",2021-01-02,"SIC","30-39",407,438,807,38,0
"787",2021-01-02,"SIC","40-49",514,562,989,87,0
"788",2021-01-02,"SIC","50-59",738,636,1296,78,0
"789",2021-01-02,"SIC","60-69",577,308,843,42,0
"790",2021-01-02,"SIC","70-79",5,2,4,3,0
"791",2021-01-02,"SIC","80-89",1,0,1,0,0
"792",2021-01-02,"SIC","90+",1,0,0,1,0
"793",2021-01-02,"TOS","16-19",0,0,0,0,0
"794",2021-01-02,"TOS","20-29",113,278,390,0,1
"795",2021-01-02,"TOS","30-39",217,373,588,1,1
"796",2021-01-02,"TOS","40-49",176,513,679,1,9
"797",2021-01-02,"TOS","50-59",227,546,733,9,31
"798",2021-01-02,"TOS","60-69",179,166,271,3,71
"799",2021-01-02,"TOS","70-79",72,79,4,1,146
"800",2021-01-02,"TOS","80-89",79,232,4,0,307
"801",2021-01-02,"TOS","90+",31,207,4,0,234
"802",2021-01-02,"UMB","16-19",0,0,0,0,0
"803",2021-01-02,"UMB","20-29",1,18,19,0,0
"804",2021-01-02,"UMB","30-39",34,64,98,0,0
"805",2021-01-02,"UMB","40-49",27,51,78,0,0
"806",2021-01-02,"UMB","50-59",33,39,72,0,0
"807",2021-01-02,"UMB","60-69",25,12,36,1,0
"808",2021-01-02,"UMB","70-79",0,0,0,0,0
"809",2021-01-02,"UMB","80-89",0,0,0,0,0
"810",2021-01-02,"UMB","90+",0,0,0,0,0
"811",2021-01-02,"VDA","16-19",0,0,0,0,0
"812",2021-01-02,"VDA","20-29",0,0,0,0,0
"813",2021-01-02,"VDA","30-39",0,0,0,0,0
"814",2021-01-02,"VDA","40-49",0,0,0,0,0
"815",2021-01-02,"VDA","50-59",0,0,0,0,0
"816",2021-01-02,"VDA","60-69",2,0,0,0,2
"817",2021-01-02,"VDA","70-79",0,0,0,0,0
"818",2021-01-02,"VDA","80-89",3,1,0,0,4
"819",2021-01-02,"VDA","90+",0,0,0,0,0
"820",2021-01-02,"VEN","16-19",0,1,0,1,0
"821",2021-01-02,"VEN","20-29",198,498,681,14,1
"822",2021-01-02,"VEN","30-39",318,624,906,35,1
"823",2021-01-02,"VEN","40-49",373,979,1288,64,0
"824",2021-01-02,"VEN","50-59",380,1189,1475,89,5
"825",2021-01-02,"VEN","60-69",361,253,533,45,36
"826",2021-01-02,"VEN","70-79",45,58,19,8,76
"827",2021-01-02,"VEN","80-89",49,184,1,5,227
"828",2021-01-02,"VEN","90+",34,165,0,2,197
"829",2021-01-03,"ABR","16-19",0,0,0,0,0
"830",2021-01-03,"ABR","20-29",24,72,96,0,0
"831",2021-01-03,"ABR","30-39",49,54,100,3,0
"832",2021-01-03,"ABR","40-49",63,97,159,1,0
"833",2021-01-03,"ABR","50-59",58,81,136,3,0
"834",2021-01-03,"ABR","60-69",25,40,64,1,0
"835",2021-01-03,"ABR","70-79",0,0,0,0,0
"836",2021-01-03,"ABR","80-89",0,1,1,0,0
"837",2021-01-03,"ABR","90+",0,0,0,0,0
"838",2021-01-03,"BAS","16-19",0,0,0,0,0
"839",2021-01-03,"BAS","20-29",9,32,41,0,0
"840",2021-01-03,"BAS","30-39",53,70,123,0,0
"841",2021-01-03,"BAS","40-49",97,154,249,2,0
"842",2021-01-03,"BAS","50-59",69,138,205,2,0
"843",2021-01-03,"BAS","60-69",60,41,99,2,0
"844",2021-01-03,"BAS","70-79",0,0,0,0,0
"845",2021-01-03,"BAS","80-89",0,0,0,0,0
"846",2021-01-03,"BAS","90+",0,0,0,0,0
"847",2021-01-03,"CAL","16-19",0,0,0,0,0
"848",2021-01-03,"CAL","20-29",0,1,1,0,0
"849",2021-01-03,"CAL","30-39",0,0,0,0,0
"850",2021-01-03,"CAL","40-49",0,0,0,0,0
"851",2021-01-03,"CAL","50-59",1,0,1,0,0
"852",2021-01-03,"CAL","60-69",2,1,2,1,0
"853",2021-01-03,"CAL","70-79",0,0,0,0,0
"854",2021-01-03,"CAL","80-89",0,0,0,0,0
"855",2021-01-03,"CAL","90+",0,0,0,0,0
"856",2021-01-03,"CAM","16-19",0,0,0,0,0
"857",2021-01-03,"CAM","20-29",107,187,259,35,0
"858",2021-01-03,"CAM","30-39",332,345,575,102,0
"859",2021-01-03,"CAM","40-49",338,465,709,94,0
"860",2021-01-03,"CAM","50-59",544,566,998,112,0
"861",2021-01-03,"CAM","60-69",770,372,1016,126,0
"862",2021-01-03,"CAM","70-79",41,6,43,4,0
"863",2021-01-03,"CAM","80-89",1,0,1,0,0
"864",2021-01-03,"CAM","90+",0,0,0,0,0
"865",2021-01-03,"EMR","20-29",99,236,302,33,0
"866",2021-01-03,"EMR","30-39",214,346,499,61,0
"867",2021-01-03,"EMR","40-49",200,419,525,93,1
"868",2021-01-03,"EMR","50-59",188,516,610,92,2
"869",2021-01-03,"EMR","60-69",170,165,281,42,12
"870",2021-01-03,"EMR","70-79",28,20,16,5,27
"871",2021-01-03,"EMR","80-89",25,37,0,0,62
"872",2021-01-03,"EMR","90+",11,55,0,0,66
"873",2021-01-03,"FVG","16-19",0,1,0,1,0
"874",2021-01-03,"FVG","20-29",28,49,37,40,0
"875",2021-01-03,"FVG","30-39",20,36,45,11,0
"876",2021-01-03,"FVG","40-49",21,44,58,7,0
"877",2021-01-03,"FVG","50-59",19,45,55,9,0
"878",2021-01-03,"FVG","60-69",21,13,31,3,0
"879",2021-01-03,"FVG","70-79",12,1,11,2,0
"880",2021-01-03,"FVG","80-89",0,0,0,0,0
"881",2021-01-03,"FVG","90+",0,1,0,1,0
"882",2021-01-03,"LAZ","16-19",0,3,3,0,0
"883",2021-01-03,"LAZ","20-29",149,350,449,47,3
"884",2021-01-03,"LAZ","30-39",334,531,825,35,5
"885",2021-01-03,"LAZ","40-49",392,873,1203,56,6
"886",2021-01-03,"LAZ","50-59",479,952,1334,70,27
"887",2021-01-03,"LAZ","60-69",525,414,869,45,25
"888",2021-01-03,"LAZ","70-79",48,23,30,10,31
"889",2021-01-03,"LAZ","80-89",28,49,7,4,66
"890",2021-01-03,"LAZ","90+",4,33,0,0,37
"891",2021-01-03,"LIG","16-19",0,0,0,0,0
"892",2021-01-03,"LIG","20-29",18,52,62,8,0
"893",2021-01-03,"LIG","30-39",36,69,94,11,0
"894",2021-01-03,"LIG","40-49",29,113,122,20,0
"895",2021-01-03,"LIG","50-59",91,188,251,28,0
"896",2021-01-03,"LIG","60-69",48,49,88,9,0
"897",2021-01-03,"LIG","70-79",0,0,0,0,0
"898",2021-01-03,"LIG","80-89",0,0,0,0,0
"899",2021-01-03,"LIG","90+",0,0,0,0,0
"900",2021-01-03,"LOM","16-19",0,0,0,0,0
"901",2021-01-03,"LOM","20-29",23,71,94,0,0
"902",2021-01-03,"LOM","30-39",73,89,160,2,0
"903",2021-01-03,"LOM","40-49",58,119,170,7,0
"904",2021-01-03,"LOM","50-59",87,192,266,13,0
"905",2021-01-03,"LOM","60-69",63,49,106,6,0
"906",2021-01-03,"LOM","70-79",6,0,6,0,0
"907",2021-01-03,"LOM","80-89",1,2,1,0,2
"908",2021-01-03,"LOM","90+",0,2,0,0,2
"909",2021-01-03,"MAR","16-19",0,0,0,0,0
"910",2021-01-03,"MAR","20-29",30,50,65,15,0
"911",2021-01-03,"MAR","30-39",72,103,152,23,0
"912",2021-01-03,"MAR","40-49",92,168,222,38,0
"913",2021-01-03,"MAR","50-59",95,182,227,50,0
"914",2021-01-03,"MAR","60-69",59,45,79,25,0
"915",2021-01-03,"MAR","70-79",0,1,0,1,0
"916",2021-01-03,"MAR","80-89",0,0,0,0,0
"917",2021-01-03,"MAR","90+",0,0,0,0,0
"918",2021-01-03,"PAT","16-19",0,1,0,1,0
"919",2021-01-03,"PAT","20-29",6,39,42,3,0
"920",2021-01-03,"PAT","30-39",28,36,63,1,0
"921",2021-01-03,"PAT","40-49",17,69,85,1,0
"922",2021-01-03,"PAT","50-59",33,93,122,4,0
"923",2021-01-03,"PAT","60-69",56,52,101,1,6
"924",2021-01-03,"PAT","70-79",10,4,4,0,10
"925",2021-01-03,"PAT","80-89",6,17,0,0,23
"926",2021-01-03,"PAT","90+",3,23,0,0,26
"927",2021-01-03,"PIE","16-19",0,1,1,0,0
"928",2021-01-03,"PIE","20-29",98,269,354,13,0
"929",2021-01-03,"PIE","30-39",173,289,432,30,0
"930",2021-01-03,"PIE","40-49",200,512,640,72,0
"931",2021-01-03,"PIE","50-59",256,806,942,120,0
"932",2021-01-03,"PIE","60-69",208,179,329,53,5
"933",2021-01-03,"PIE","70-79",21,5,7,7,12
"934",2021-01-03,"PIE","80-89",6,18,1,0,23
"935",2021-01-03,"PIE","90+",2,10,0,0,12
"936",2021-01-03,"PUG","16-19",1,0,1,0,0
"937",2021-01-03,"PUG","20-29",93,116,207,2,0
"938",2021-01-03,"PUG","30-39",187,209,396,0,0
"939",2021-01-03,"PUG","40-49",203,278,477,2,2
"940",2021-01-03,"PUG","50-59",235,253,482,4,2
"941",2021-01-03,"PUG","60-69",141,76,205,5,7
"942",2021-01-03,"PUG","70-79",31,27,29,9,20
"943",2021-01-03,"PUG","80-89",10,40,0,21,29
"944",2021-01-03,"PUG","90+",6,15,0,14,7
"945",2021-01-03,"SAR","16-19",0,0,0,0,0
"946",2021-01-03,"SAR","20-29",2,7,9,0,0
"947",2021-01-03,"SAR","30-39",5,6,11,0,0
"948",2021-01-03,"SAR","40-49",7,12,19,0,0
"949",2021-01-03,"SAR","50-59",10,16,26,0,0
"950",2021-01-03,"SAR","60-69",11,13,23,1,0
"951",2021-01-03,"SAR","70-79",1,0,1,0,0
"952",2021-01-03,"SAR","80-89",0,0,0,0,0
"953",2021-01-03,"SAR","90+",0,0,0,0,0
"954",2021-01-03,"SIC","16-19",2,1,2,1,0
"955",2021-01-03,"SIC","20-29",256,283,521,18,0
"956",2021-01-03,"SIC","30-39",424,445,830,39,0
"957",2021-01-03,"SIC","40-49",489,541,927,103,0
"958",2021-01-03,"SIC","50-59",697,613,1213,97,0
"959",2021-01-03,"SIC","60-69",521,319,776,64,0
"960",2021-01-03,"SIC","70-79",21,3,15,9,0
"961",2021-01-03,"SIC","80-89",0,0,0,0,0
"962",2021-01-03,"SIC","90+",0,0,0,0,0
"963",2021-01-03,"TOS","16-19",0,0,0,0,0
"964",2021-01-03,"TOS","20-29",146,296,437,1,4
"965",2021-01-03,"TOS","30-39",214,382,586,2,8
"966",2021-01-03,"TOS","40-49",176,455,605,2,24
"967",2021-01-03,"TOS","50-59",209,545,701,3,50
"968",2021-01-03,"TOS","60-69",140,141,213,0,68
"969",2021-01-03,"TOS","70-79",58,78,7,0,129
"970",2021-01-03,"TOS","80-89",73,179,1,0,251
"971",2021-01-03,"TOS","90+",27,196,3,0,220
"972",2021-01-03,"UMB","16-19",0,0,0,0,0
"973",2021-01-03,"UMB","20-29",8,27,35,0,0
"974",2021-01-03,"UMB","30-39",26,39,65,0,0
"975",2021-01-03,"UMB","40-49",32,48,80,0,0
"976",2021-01-03,"UMB","50-59",27,42,69,0,0
"977",2021-01-03,"UMB","60-69",17,4,21,0,0
"978",2021-01-03,"UMB","70-79",0,0,0,0,0
"979",2021-01-03,"UMB","80-89",0,0,0,0,0
"980",2021-01-03,"UMB","90+",0,0,0,0,0
"981",2021-01-03,"VEN","16-19",5,1,4,2,0
"982",2021-01-03,"VEN","20-29",183,463,615,31,0
"983",2021-01-03,"VEN","30-39",272,521,751,42,0
"984",2021-01-03,"VEN","40-49",297,917,1145,69,0
"985",2021-01-03,"VEN","50-59",397,1191,1469,119,0
"986",2021-01-03,"VEN","60-69",311,236,503,38,6
"987",2021-01-03,"VEN","70-79",33,28,19,3,39
"988",2021-01-03,"VEN","80-89",24,88,0,0,112
"989",2021-01-03,"VEN","90+",7,86,0,0,93
"990",2021-01-04,"ABR","16-19",0,0,0,0,0
"991",2021-01-04,"ABR","20-29",30,84,114,0,0
"992",2021-01-04,"ABR","30-39",94,149,242,1,0
"993",2021-01-04,"ABR","40-49",134,216,349,1,0
"994",2021-01-04,"ABR","50-59",143,270,411,2,0
"995",2021-01-04,"ABR","60-69",175,114,288,1,0
"996",2021-01-04,"ABR","70-79",1,0,1,0,0
"997",2021-01-04,"ABR","80-89",1,0,1,0,0
"998",2021-01-04,"ABR","90+",0,0,0,0,0
"999",2021-01-04,"BAS","16-19",0,0,0,0,0
"1000",2021-01-04,"BAS","20-29",4,9,13,0,0
"1001",2021-01-04,"BAS","30-39",32,50,77,5,0
"1002",2021-01-04,"BAS","40-49",46,68,97,17,0
"1003",2021-01-04,"BAS","50-59",57,62,100,19,0
"1004",2021-01-04,"BAS","60-69",50,27,64,13,0
"1005",2021-01-04,"BAS","70-79",1,1,1,1,0
"1006",2021-01-04,"BAS","80-89",0,0,0,0,0
"1007",2021-01-04,"BAS","90+",0,0,0,0,0
"1008",2021-01-04,"CAL","16-19",0,0,0,0,0
"1009",2021-01-04,"CAL","20-29",26,42,59,9,0
"1010",2021-01-04,"CAL","30-39",101,95,190,6,0
"1011",2021-01-04,"CAL","40-49",112,165,272,5,0
"1012",2021-01-04,"CAL","50-59",152,166,306,12,0
"1013",2021-01-04,"CAL","60-69",141,84,209,16,0
"1014",2021-01-04,"CAL","70-79",4,0,2,2,0
"1015",2021-01-04,"CAL","80-89",0,0,0,0,0
"1016",2021-01-04,"CAL","90+",0,0,0,0,0
"1017",2021-01-04,"CAM","16-19",0,0,0,0,0
"1018",2021-01-04,"CAM","20-29",151,288,411,28,0
"1019",2021-01-04,"CAM","30-39",434,517,871,80,0
"1020",2021-01-04,"CAM","40-49",483,650,1015,118,0
"1021",2021-01-04,"CAM","50-59",832,916,1530,218,0
"1022",2021-01-04,"CAM","60-69",950,522,1264,208,0
"1023",2021-01-04,"CAM","70-79",91,14,98,7,0
"1024",2021-01-04,"CAM","80-89",9,0,8,1,0
"1025",2021-01-04,"CAM","90+",0,0,0,0,0
"1026",2021-01-04,"EMR","16-19",0,4,1,3,0
"1027",2021-01-04,"EMR","20-29",253,537,635,155,0
"1028",2021-01-04,"EMR","30-39",582,896,1183,294,1
"1029",2021-01-04,"EMR","40-49",478,1058,1193,343,0
"1030",2021-01-04,"EMR","50-59",514,1348,1391,465,6
"1031",2021-01-04,"EMR","60-69",447,460,673,210,24
"1032",2021-01-04,"EMR","70-79",86,68,43,33,78
"1033",2021-01-04,"EMR","80-89",85,159,28,56,160
"1034",2021-01-04,"EMR","90+",52,171,23,47,153
"1035",2021-01-04,"FVG","16-19",0,1,0,1,0
"1036",2021-01-04,"FVG","20-29",91,148,165,74,0
"1037",2021-01-04,"FVG","30-39",105,179,252,32,0
"1038",2021-01-04,"FVG","40-49",101,237,303,35,0
"1039",2021-01-04,"FVG","50-59",108,279,354,33,0
"1040",2021-01-04,"FVG","60-69",112,90,188,14,0
"1041",2021-01-04,"FVG","70-79",30,6,34,2,0
"1042",2021-01-04,"FVG","80-89",4,1,3,2,0
"1043",2021-01-04,"FVG","90+",0,0,0,0,0
"1044",2021-01-04,"LAZ","16-19",2,5,7,0,0
"1045",2021-01-04,"LAZ","20-29",212,374,558,26,2
"1046",2021-01-04,"LAZ","30-39",476,703,1092,81,6
"1047",2021-01-04,"LAZ","40-49",568,1139,1536,155,16
"1048",2021-01-04,"LAZ","50-59",783,1402,1976,177,32
"1049",2021-01-04,"LAZ","60-69",707,651,1250,62,46
"1050",2021-01-04,"LAZ","70-79",69,45,48,7,59
"1051",2021-01-04,"LAZ","80-89",34,104,5,9,124
"1052",2021-01-04,"LAZ","90+",11,67,0,4,74
"1053",2021-01-04,"LIG","16-19",1,3,1,3,0
"1054",2021-01-04,"LIG","20-29",78,192,232,38,0
"1055",2021-01-04,"LIG","30-39",153,231,344,35,5
"1056",2021-01-04,"LIG","40-49",143,416,509,43,7
"1057",2021-01-04,"LIG","50-59",252,612,762,76,26
"1058",2021-01-04,"LIG","60-69",190,172,304,43,15
"1059",2021-01-04,"LIG","70-79",16,8,3,7,14
"1060",2021-01-04,"LIG","80-89",12,80,0,2,90
"1061",2021-01-04,"LIG","90+",8,66,0,0,74
"1062",2021-01-04,"LOM","16-19",1,6,7,0,0
"1063",2021-01-04,"LOM","20-29",193,447,603,37,0
"1064",2021-01-04,"LOM","30-39",584,729,1230,83,0
"1065",2021-01-04,"LOM","40-49",504,1152,1532,124,0
"1066",2021-01-04,"LOM","50-59",592,1500,1888,204,0
"1067",2021-01-04,"LOM","60-69",433,325,705,49,4
"1068",2021-01-04,"LOM","70-79",31,27,28,2,28
"1069",2021-01-04,"LOM","80-89",15,59,0,0,74
"1070",2021-01-04,"LOM","90+",5,63,0,0,68
"1071",2021-01-04,"MAR","16-19",0,0,0,0,0
"1072",2021-01-04,"MAR","20-29",38,71,96,13,0
"1073",2021-01-04,"MAR","30-39",101,140,224,17,0
"1074",2021-01-04,"MAR","40-49",106,207,275,38,0
"1075",2021-01-04,"MAR","50-59",168,328,416,80,0
"1076",2021-01-04,"MAR","60-69",118,106,191,33,0
"1077",2021-01-04,"MAR","70-79",2,0,2,0,0
"1078",2021-01-04,"MAR","80-89",0,0,0,0,0
"1079",2021-01-04,"MAR","90+",0,0,0,0,0
"1080",2021-01-04,"MOL","16-19",0,0,0,0,0
"1081",2021-01-04,"MOL","20-29",7,11,18,0,0
"1082",2021-01-04,"MOL","30-39",21,26,45,2,0
"1083",2021-01-04,"MOL","40-49",23,67,86,4,0
"1084",2021-01-04,"MOL","50-59",44,56,92,8,0
"1085",2021-01-04,"MOL","60-69",34,18,50,2,0
"1086",2021-01-04,"MOL","70-79",1,0,1,0,0
"1087",2021-01-04,"MOL","80-89",0,0,0,0,0
"1088",2021-01-04,"MOL","90+",0,0,0,0,0
"1089",2021-01-04,"PAB","16-19",0,0,0,0,0
"1090",2021-01-04,"PAB","20-29",12,20,29,3,0
"1091",2021-01-04,"PAB","30-39",41,57,88,10,0
"1092",2021-01-04,"PAB","40-49",45,91,115,21,0
"1093",2021-01-04,"PAB","50-59",51,82,98,35,0
"1094",2021-01-04,"PAB","60-69",29,23,44,8,0
"1095",2021-01-04,"PAB","70-79",2,0,1,1,0
"1096",2021-01-04,"PAB","80-89",0,0,0,0,0
"1097",2021-01-04,"PAB","90+",0,0,0,0,0
"1098",2021-01-04,"PAT","16-19",0,0,0,0,0
"1099",2021-01-04,"PAT","20-29",20,52,69,3,0
"1100",2021-01-04,"PAT","30-39",27,53,76,4,0
"1101",2021-01-04,"PAT","40-49",31,132,145,17,1
"1102",2021-01-04,"PAT","50-59",33,144,158,14,5
"1103",2021-01-04,"PAT","60-69",23,42,38,7,20
"1104",2021-01-04,"PAT","70-79",31,25,4,3,49
"1105",2021-01-04,"PAT","80-89",21,101,0,0,122
"1106",2021-01-04,"PAT","90+",9,80,0,0,89
"1107",2021-01-04,"PIE","16-19",1,5,5,1,0
"1108",2021-01-04,"PIE","20-29",167,368,489,46,0
"1109",2021-01-04,"PIE","30-39",281,550,753,77,1
"1110",2021-01-04,"PIE","40-49",299,947,1105,141,0
"1111",2021-01-04,"PIE","50-59",465,1375,1493,344,3
"1112",2021-01-04,"PIE","60-69",325,360,583,91,11
"1113",2021-01-04,"PIE","70-79",28,14,7,3,32
"1114",2021-01-04,"PIE","80-89",20,55,1,0,74
"1115",2021-01-04,"PIE","90+",8,32,0,0,40
"1116",2021-01-04,"PUG","16-19",2,2,3,1,0
"1117",2021-01-04,"PUG","20-29",160,286,435,11,0
"1118",2021-01-04,"PUG","30-39",350,477,800,27,0
"1119",2021-01-04,"PUG","40-49",404,576,936,43,1
"1120",2021-01-04,"PUG","50-59",477,711,1123,64,1
"1121",2021-01-04,"PUG","60-69",371,200,518,50,3
"1122",2021-01-04,"PUG","70-79",16,15,20,1,10
"1123",2021-01-04,"PUG","80-89",10,16,9,2,15
"1124",2021-01-04,"PUG","90+",4,14,3,0,15
"1125",2021-01-04,"SAR","16-19",0,0,0,0,0
"1126",2021-01-04,"SAR","20-29",10,38,47,1,0
"1127",2021-01-04,"SAR","30-39",55,74,126,3,0
"1128",2021-01-04,"SAR","40-49",37,92,123,6,0
"1129",2021-01-04,"SAR","50-59",58,110,159,9,0
"1130",2021-01-04,"SAR","60-69",51,47,96,2,0
"1131",2021-01-04,"SAR","70-79",0,0,0,0,0
"1132",2021-01-04,"SAR","80-89",0,0,0,0,0
"1133",2021-01-04,"SAR","90+",1,0,1,0,0
"1134",2021-01-04,"SIC","16-19",6,4,3,7,0
"1135",2021-01-04,"SIC","20-29",267,352,553,66,0
"1136",2021-01-04,"SIC","30-39",656,677,1216,117,0
"1137",2021-01-04,"SIC","40-49",750,923,1475,198,0
"1138",2021-01-04,"SIC","50-59",1109,1231,2104,235,1
"1139",2021-01-04,"SIC","60-69",920,625,1427,118,0
"1140",2021-01-04,"SIC","70-79",58,15,59,13,1
"1141",2021-01-04,"SIC","80-89",2,4,1,1,4
"1142",2021-01-04,"SIC","90+",1,0,1,0,0
"1143",2021-01-04,"TOS","16-19",4,4,7,0,1
"1144",2021-01-04,"TOS","20-29",336,493,813,12,4
"1145",2021-01-04,"TOS","30-39",422,566,967,9,12
"1146",2021-01-04,"TOS","40-49",268,612,863,4,13
"1147",2021-01-04,"TOS","50-59",333,700,986,4,43
"1148",2021-01-04,"TOS","60-69",296,233,433,2,94
"1149",2021-01-04,"TOS","70-79",97,74,16,0,155
"1150",2021-01-04,"TOS","80-89",93,237,3,1,326
"1151",2021-01-04,"TOS","90+",38,241,0,0,279
"1152",2021-01-04,"UMB","16-19",0,0,0,0,0
"1153",2021-01-04,"UMB","20-29",16,33,49,0,0
"1154",2021-01-04,"UMB","30-39",87,101,188,0,0
"1155",2021-01-04,"UMB","40-49",63,142,204,1,0
"1156",2021-01-04,"UMB","50-59",89,95,184,0,0
"1157",2021-01-04,"UMB","60-69",123,52,175,0,0
"1158",2021-01-04,"UMB","70-79",3,3,6,0,0
"1159",2021-01-04,"UMB","80-89",0,0,0,0,0
"1160",2021-01-04,"UMB","90+",0,0,0,0,0
"1161",2021-01-04,"VDA","16-19",2,4,6,0,0
"1162",2021-01-04,"VDA","20-29",12,13,25,0,0
"1163",2021-01-04,"VDA","30-39",10,23,33,0,0
"1164",2021-01-04,"VDA","40-49",9,32,41,0,0
"1165",2021-01-04,"VDA","50-59",22,10,32,0,0
"1166",2021-01-04,"VDA","60-69",2,1,3,0,0
"1167",2021-01-04,"VDA","70-79",2,0,2,0,0
"1168",2021-01-04,"VDA","80-89",0,0,0,0,0
"1169",2021-01-04,"VDA","90+",0,0,0,0,0
"1170",2021-01-04,"VEN","16-19",2,3,4,1,0
"1171",2021-01-04,"VEN","20-29",219,524,721,22,0
"1172",2021-01-04,"VEN","30-39",346,685,984,47,0
"1173",2021-01-04,"VEN","40-49",340,1034,1273,97,4
"1174",2021-01-04,"VEN","50-59",505,1398,1670,210,23
"1175",2021-01-04,"VEN","60-69",372,352,595,74,55
"1176",2021-01-04,"VEN","70-79",87,101,28,10,150
"1177",2021-01-04,"VEN","80-89",93,276,1,2,366
"1178",2021-01-04,"VEN","90+",34,226,0,1,259
"1179",2021-01-05,"ABR","16-19",0,0,0,0,0
"1180",2021-01-05,"ABR","20-29",34,106,140,0,0
"1181",2021-01-05,"ABR","30-39",105,204,306,3,0
"1182",2021-01-05,"ABR","40-49",140,262,399,3,0
"1183",2021-01-05,"ABR","50-59",152,306,456,2,0
"1184",2021-01-05,"ABR","60-69",161,134,293,2,0
"1185",2021-01-05,"ABR","70-79",12,1,13,0,0
"1186",2021-01-05,"ABR","80-89",0,0,0,0,0
"1187",2021-01-05,"ABR","90+",0,0,0,0,0
"1188",2021-01-05,"BAS","16-19",0,0,0,0,0
"1189",2021-01-05,"BAS","20-29",18,30,48,0,0
"1190",2021-01-05,"BAS","30-39",33,49,81,1,0
"1191",2021-01-05,"BAS","40-49",63,124,177,10,0
"1192",2021-01-05,"BAS","50-59",57,123,172,8,0
"1193",2021-01-05,"BAS","60-69",91,60,141,10,0
"1194",2021-01-05,"BAS","70-79",0,0,0,0,0
"1195",2021-01-05,"BAS","80-89",0,0,0,0,0
"1196",2021-01-05,"BAS","90+",0,0,0,0,0
"1197",2021-01-05,"CAL","16-19",0,0,0,0,0
"1198",2021-01-05,"CAL","20-29",26,48,59,15,0
"1199",2021-01-05,"CAL","30-39",109,165,255,19,0
"1200",2021-01-05,"CAL","40-49",143,216,331,28,0
"1201",2021-01-05,"CAL","50-59",204,229,403,30,0
"1202",2021-01-05,"CAL","60-69",205,139,292,52,0
"1203",2021-01-05,"CAL","70-79",11,0,9,2,0
"1204",2021-01-05,"CAL","80-89",0,0,0,0,0
"1205",2021-01-05,"CAL","90+",0,0,0,0,0
"1206",2021-01-05,"CAM","16-19",0,0,0,0,0
"1207",2021-01-05,"CAM","20-29",211,327,506,32,0
"1208",2021-01-05,"CAM","30-39",538,614,1028,124,0
"1209",2021-01-05,"CAM","40-49",608,757,1212,153,0
"1210",2021-01-05,"CAM","50-59",1016,1108,1849,274,1
"1211",2021-01-05,"CAM","60-69",1070,635,1432,269,4
"1212",2021-01-05,"CAM","70-79",93,33,89,27,10
"1213",2021-01-05,"CAM","80-89",5,14,4,4,11
"1214",2021-01-05,"CAM","90+",3,14,1,1,15
"1215",2021-01-05,"EMR","16-19",1,4,3,2,0
"1216",2021-01-05,"EMR","20-29",280,642,655,266,1
"1217",2021-01-05,"EMR","30-39",719,1127,1285,560,1
"1218",2021-01-05,"EMR","40-49",592,1391,1306,671,6
"1219",2021-01-05,"EMR","50-59",596,1683,1510,750,19
"1220",2021-01-05,"EMR","60-69",616,660,824,409,43
"1221",2021-01-05,"EMR","70-79",148,79,81,55,91
"1222",2021-01-05,"EMR","80-89",80,181,4,58,199
"1223",2021-01-05,"EMR","90+",46,219,1,59,205
"1224",2021-01-05,"FVG","16-19",0,0,0,0,0
"1225",2021-01-05,"FVG","20-29",73,136,152,57,0
"1226",2021-01-05,"FVG","30-39",84,171,231,24,0
"1227",2021-01-05,"FVG","40-49",93,250,305,38,0
"1228",2021-01-05,"FVG","50-59",91,286,329,48,0
"1229",2021-01-05,"FVG","60-69",104,104,184,24,0
"1230",2021-01-05,"FVG","70-79",43,28,39,1,31
"1231",2021-01-05,"FVG","80-89",33,47,3,1,76
"1232",2021-01-05,"FVG","90+",13,66,0,0,79
"1233",2021-01-05,"LAZ","16-19",1,1,2,0,0
"1234",2021-01-05,"LAZ","20-29",199,378,541,34,2
"1235",2021-01-05,"LAZ","30-39",437,709,1061,82,3
"1236",2021-01-05,"LAZ","40-49",463,964,1276,132,19
"1237",2021-01-05,"LAZ","50-59",709,1209,1705,167,46
"1238",2021-01-05,"LAZ","60-69",608,591,1027,92,80
"1239",2021-01-05,"LAZ","70-79",74,66,32,16,92
"1240",2021-01-05,"LAZ","80-89",59,163,1,25,196
"1241",2021-01-05,"LAZ","90+",26,106,0,14,118
"1242",2021-01-05,"LIG","16-19",1,0,1,0,0
"1243",2021-01-05,"LIG","20-29",57,133,157,32,1
"1244",2021-01-05,"LIG","30-39",124,258,353,29,0
"1245",2021-01-05,"LIG","40-49",160,448,553,51,4
"1246",2021-01-05,"LIG","50-59",278,747,888,126,11
"1247",2021-01-05,"LIG","60-69",198,211,332,54,23
"1248",2021-01-05,"LIG","70-79",33,19,10,8,34
"1249",2021-01-05,"LIG","80-89",24,82,1,12,93
"1250",2021-01-05,"LIG","90+",17,88,0,15,90
"1251",2021-01-05,"LOM","16-19",2,8,10,0,0
"1252",2021-01-05,"LOM","20-29",234,541,722,53,0
"1253",2021-01-05,"LOM","30-39",551,907,1338,120,0
"1254",2021-01-05,"LOM","40-49",554,1367,1740,180,1
"1255",2021-01-05,"LOM","50-59",687,1734,2103,316,2
"1256",2021-01-05,"LOM","60-69",400,445,734,96,15
"1257",2021-01-05,"LOM","70-79",27,17,16,8,20
"1258",2021-01-05,"LOM","80-89",23,56,0,0,79
"1259",2021-01-05,"LOM","90+",17,66,0,0,83
"1260",2021-01-05,"MAR","16-19",0,0,0,0,0
"1261",2021-01-05,"MAR","20-29",51,90,134,7,0
"1262",2021-01-05,"MAR","30-39",134,202,319,17,0
"1263",2021-01-05,"MAR","40-49",129,265,362,32,0
"1264",2021-01-05,"MAR","50-59",147,297,396,48,0
"1265",2021-01-05,"MAR","60-69",94,91,156,29,0
"1266",2021-01-05,"MAR","70-79",2,0,1,1,0
"1267",2021-01-05,"MAR","80-89",0,0,0,0,0
"1268",2021-01-05,"MAR","90+",0,0,0,0,0
"1269",2021-01-05,"MOL","16-19",0,0,0,0,0
"1270",2021-01-05,"MOL","20-29",7,10,17,0,0
"1271",2021-01-05,"MOL","30-39",20,37,57,0,0
"1272",2021-01-05,"MOL","40-49",36,72,104,4,0
"1273",2021-01-05,"MOL","50-59",62,102,161,3,0
"1274",2021-01-05,"MOL","60-69",54,47,100,1,0
"1275",2021-01-05,"MOL","70-79",1,0,1,0,0
"1276",2021-01-05,"MOL","80-89",0,0,0,0,0
"1277",2021-01-05,"MOL","90+",0,0,0,0,0
"1278",2021-01-05,"PAB","16-19",0,0,0,0,0
"1279",2021-01-05,"PAB","20-29",18,52,63,7,0
"1280",2021-01-05,"PAB","30-39",52,80,120,12,0
"1281",2021-01-05,"PAB","40-49",73,182,218,37,0
"1282",2021-01-05,"PAB","50-59",86,185,208,63,0
"1283",2021-01-05,"PAB","60-69",54,31,70,15,0
"1284",2021-01-05,"PAB","70-79",4,0,4,0,0
"1285",2021-01-05,"PAB","80-89",0,0,0,0,0
"1286",2021-01-05,"PAB","90+",0,0,0,0,0
"1287",2021-01-05,"PAT","16-19",0,0,0,0,0
"1288",2021-01-05,"PAT","20-29",15,46,57,3,1
"1289",2021-01-05,"PAT","30-39",44,70,101,13,0
"1290",2021-01-05,"PAT","40-49",54,95,140,9,0
"1291",2021-01-05,"PAT","50-59",50,115,146,16,3
"1292",2021-01-05,"PAT","60-69",26,32,39,8,11
"1293",2021-01-05,"PAT","70-79",18,14,2,2,28
"1294",2021-01-05,"PAT","80-89",17,43,0,0,60
"1295",2021-01-05,"PAT","90+",9,46,0,1,54
"1296",2021-01-05,"PIE","16-19",1,4,4,1,0
"1297",2021-01-05,"PIE","20-29",177,354,471,60,0
"1298",2021-01-05,"PIE","30-39",279,531,732,77,1
"1299",2021-01-05,"PIE","40-49",278,826,970,134,0
"1300",2021-01-05,"PIE","50-59",391,1272,1369,288,6
"1301",2021-01-05,"PIE","60-69",315,394,578,114,17
"1302",2021-01-05,"PIE","70-79",26,20,13,5,28
"1303",2021-01-05,"PIE","80-89",15,61,4,3,69
"1304",2021-01-05,"PIE","90+",4,56,1,3,56
"1305",2021-01-05,"PUG","16-19",3,2,2,3,0
"1306",2021-01-05,"PUG","20-29",142,315,447,10,0
"1307",2021-01-05,"PUG","30-39",437,555,946,45,1
"1308",2021-01-05,"PUG","40-49",491,816,1230,76,1
"1309",2021-01-05,"PUG","50-59",695,840,1404,127,4
"1310",2021-01-05,"PUG","60-69",609,347,885,59,12
"1311",2021-01-05,"PUG","70-79",22,32,24,6,24
"1312",2021-01-05,"PUG","80-89",16,38,2,2,50
"1313",2021-01-05,"PUG","90+",6,14,4,0,16
"1314",2021-01-05,"SAR","16-19",0,0,0,0,0
"1315",2021-01-05,"SAR","20-29",25,52,69,8,0
"1316",2021-01-05,"SAR","30-39",74,129,197,6,0
"1317",2021-01-05,"SAR","40-49",88,232,313,7,0
"1318",2021-01-05,"SAR","50-59",129,306,427,8,0
"1319",2021-01-05,"SAR","60-69",101,111,204,8,0
"1320",2021-01-05,"SAR","70-79",0,0,0,0,0
"1321",2021-01-05,"SAR","80-89",0,0,0,0,0
"1322",2021-01-05,"SAR","90+",0,0,0,0,0
"1323",2021-01-05,"SIC","16-19",20,22,29,13,0
"1324",2021-01-05,"SIC","20-29",400,569,882,87,0
"1325",2021-01-05,"SIC","30-39",754,810,1395,169,0
"1326",2021-01-05,"SIC","40-49",908,1152,1733,324,3
"1327",2021-01-05,"SIC","50-59",1391,1570,2523,421,17
"1328",2021-01-05,"SIC","60-69",1255,879,1857,264,13
"1329",2021-01-05,"SIC","70-79",125,40,115,20,30
"1330",2021-01-05,"SIC","80-89",46,64,15,18,77
"1331",2021-01-05,"SIC","90+",15,34,6,4,39
"1332",2021-01-05,"TOS","16-19",4,13,17,0,0
"1333",2021-01-05,"TOS","20-29",294,583,874,1,2
"1334",2021-01-05,"TOS","30-39",344,583,922,2,3
"1335",2021-01-05,"TOS","40-49",304,679,972,2,9
"1336",2021-01-05,"TOS","50-59",322,801,1100,4,19
"1337",2021-01-05,"TOS","60-69",259,247,436,1,69
"1338",2021-01-05,"TOS","70-79",87,81,17,0,151
"1339",2021-01-05,"TOS","80-89",101,242,3,1,339
"1340",2021-01-05,"TOS","90+",37,252,3,0,286
"1341",2021-01-05,"UMB","16-19",0,0,0,0,0
"1342",2021-01-05,"UMB","20-29",11,16,27,0,0
"1343",2021-01-05,"UMB","30-39",61,90,151,0,0
"1344",2021-01-05,"UMB","40-49",78,128,206,0,0
"1345",2021-01-05,"UMB","50-59",98,110,208,0,0
"1346",2021-01-05,"UMB","60-69",169,85,254,0,0
"1347",2021-01-05,"UMB","70-79",8,2,10,0,0
"1348",2021-01-05,"UMB","80-89",0,0,0,0,0
"1349",2021-01-05,"UMB","90+",0,0,0,0,0
"1350",2021-01-05,"VDA","16-19",0,0,0,0,0
"1351",2021-01-05,"VDA","20-29",6,5,11,0,0
"1352",2021-01-05,"VDA","30-39",9,13,22,0,0
"1353",2021-01-05,"VDA","40-49",8,23,31,0,0
"1354",2021-01-05,"VDA","50-59",19,40,59,0,0
"1355",2021-01-05,"VDA","60-69",7,10,16,0,1
"1356",2021-01-05,"VDA","70-79",1,3,0,0,4
"1357",2021-01-05,"VDA","80-89",4,1,0,0,5
"1358",2021-01-05,"VDA","90+",0,1,0,0,1
"1359",2021-01-05,"VEN","16-19",1,3,2,2,0
"1360",2021-01-05,"VEN","20-29",238,545,737,43,3
"1361",2021-01-05,"VEN","30-39",355,688,953,81,9
"1362",2021-01-05,"VEN","40-49",382,1118,1330,158,12
"1363",2021-01-05,"VEN","50-59",493,1595,1759,277,52
"1364",2021-01-05,"VEN","60-69",413,410,652,84,87
"1365",2021-01-05,"VEN","70-79",104,108,28,18,166
"1366",2021-01-05,"VEN","80-89",118,289,8,2,397
"1367",2021-01-05,"VEN","90+",52,337,1,1,387
"1368",2021-01-06,"ABR","16-19",0,0,0,0,0
"1369",2021-01-06,"ABR","20-29",51,111,157,5,0
"1370",2021-01-06,"ABR","30-39",133,201,324,10,0
"1371",2021-01-06,"ABR","40-49",119,262,373,7,1
"1372",2021-01-06,"ABR","50-59",140,304,434,7,3
"1373",2021-01-06,"ABR","60-69",141,126,243,4,20
"1374",2021-01-06,"ABR","70-79",40,24,22,0,42
"1375",2021-01-06,"ABR","80-89",16,30,1,0,45
"1376",2021-01-06,"ABR","90+",6,16,0,0,22
"1377",2021-01-06,"BAS","16-19",0,0,0,0,0
"1378",2021-01-06,"BAS","20-29",2,9,11,0,0
"1379",2021-01-06,"BAS","30-39",17,11,28,0,0
"1380",2021-01-06,"BAS","40-49",29,22,51,0,0
"1381",2021-01-06,"BAS","50-59",30,47,77,0,0
"1382",2021-01-06,"BAS","60-69",24,13,37,0,0
"1383",2021-01-06,"BAS","70-79",1,3,4,0,0
"1384",2021-01-06,"BAS","80-89",0,4,4,0,0
"1385",2021-01-06,"BAS","90+",1,7,8,0,0
"1386",2021-01-06,"CAL","16-19",0,0,0,0,0
"1387",2021-01-06,"CAL","20-29",18,44,60,2,0
"1388",2021-01-06,"CAL","30-39",99,114,210,3,0
"1389",2021-01-06,"CAL","40-49",107,144,235,16,0
"1390",2021-01-06,"CAL","50-59",172,145,293,24,0
"1391",2021-01-06,"CAL","60-69",140,78,204,14,0
"1392",2021-01-06,"CAL","70-79",11,1,12,0,0
"1393",2021-01-06,"CAL","80-89",0,1,0,1,0
"1394",2021-01-06,"CAL","90+",0,0,0,0,0
"1395",2021-01-06,"CAM","16-19",0,0,0,0,0
"1396",2021-01-06,"CAM","20-29",234,415,565,75,9
"1397",2021-01-06,"CAM","30-39",549,664,1017,185,11
"1398",2021-01-06,"CAM","40-49",599,770,1127,230,12
"1399",2021-01-06,"CAM","50-59",904,1056,1598,331,31
"1400",2021-01-06,"CAM","60-69",1251,774,1728,263,34
"1401",2021-01-06,"CAM","70-79",163,92,154,39,62
"1402",2021-01-06,"CAM","80-89",34,64,6,5,87
"1403",2021-01-06,"CAM","90+",13,43,1,0,55
"1404",2021-01-06,"EMR","16-19",5,4,4,5,0
"1405",2021-01-06,"EMR","20-29",275,654,637,288,4
"1406",2021-01-06,"EMR","30-39",585,909,1013,475,6
"1407",2021-01-06,"EMR","40-49",483,1107,1105,476,9
"1408",2021-01-06,"EMR","50-59",594,1449,1392,639,12
"1409",2021-01-06,"EMR","60-69",577,604,810,340,31
"1410",2021-01-06,"EMR","70-79",244,79,164,89,70
"1411",2021-01-06,"EMR","80-89",82,159,15,64,162
"1412",2021-01-06,"EMR","90+",35,201,3,44,189
"1413",2021-01-06,"FVG","16-19",0,1,0,1,0
"1414",2021-01-06,"FVG","20-29",46,90,72,64,0
"1415",2021-01-06,"FVG","30-39",43,70,84,29,0
"1416",2021-01-06,"FVG","40-49",44,114,93,65,0
"1417",2021-01-06,"FVG","50-59",63,113,101,75,0
"1418",2021-01-06,"FVG","60-69",47,44,66,25,0
"1419",2021-01-06,"FVG","70-79",18,11,24,5,0
"1420",2021-01-06,"FVG","80-89",3,0,2,1,0
"1421",2021-01-06,"FVG","90+",0,1,1,0,0
"1422",2021-01-06,"LAZ","16-19",5,8,11,1,1
"1423",2021-01-06,"LAZ","20-29",283,438,636,79,6
"1424",2021-01-06,"LAZ","30-39",341,526,776,76,15
"1425",2021-01-06,"LAZ","40-49",313,669,855,105,22
"1426",2021-01-06,"LAZ","50-59",420,824,1081,127,36
"1427",2021-01-06,"LAZ","60-69",387,377,679,49,36
"1428",2021-01-06,"LAZ","70-79",46,41,45,7,35
"1429",2021-01-06,"LAZ","80-89",22,92,10,8,96
"1430",2021-01-06,"LAZ","90+",12,50,5,2,55
"1431",2021-01-06,"LIG","16-19",1,3,2,2,0
"1432",2021-01-06,"LIG","20-29",57,88,112,33,0
"1433",2021-01-06,"LIG","30-39",69,105,155,19,0
"1434",2021-01-06,"LIG","40-49",91,235,288,38,0
"1435",2021-01-06,"LIG","50-59",180,354,471,63,0
"1436",2021-01-06,"LIG","60-69",155,111,221,43,2
"1437",2021-01-06,"LIG","70-79",27,12,9,8,22
"1438",2021-01-06,"LIG","80-89",21,69,2,2,86
"1439",2021-01-06,"LIG","90+",9,68,1,0,76
"1440",2021-01-06,"LOM","16-19",0,3,3,0,0
"1441",2021-01-06,"LOM","20-29",328,597,805,119,1
"1442",2021-01-06,"LOM","30-39",557,827,1233,151,0
"1443",2021-01-06,"LOM","40-49",456,1101,1332,219,6
"1444",2021-01-06,"LOM","50-59",567,1459,1581,442,3
"1445",2021-01-06,"LOM","60-69",504,490,820,172,2
"1446",2021-01-06,"LOM","70-79",45,25,37,22,11
"1447",2021-01-06,"LOM","80-89",4,20,2,1,21
"1448",2021-01-06,"LOM","90+",1,13,0,0,14
"1449",2021-01-06,"MAR","16-19",0,0,0,0,0
"1450",2021-01-06,"MAR","20-29",53,119,157,15,0
"1451",2021-01-06,"MAR","30-39",120,243,316,47,0
"1452",2021-01-06,"MAR","40-49",145,335,412,67,1
"1453",2021-01-06,"MAR","50-59",169,403,461,106,5
"1454",2021-01-06,"MAR","60-69",248,156,306,91,7
"1455",2021-01-06,"MAR","70-79",33,12,20,7,18
"1456",2021-01-06,"MAR","80-89",14,36,2,1,47
"1457",2021-01-06,"MAR","90+",3,49,0,23,29
"1458",2021-01-06,"MOL","16-19",1,0,0,1,0
"1459",2021-01-06,"MOL","20-29",14,20,31,3,0
"1460",2021-01-06,"MOL","30-39",36,44,76,4,0
"1461",2021-01-06,"MOL","40-49",36,63,94,5,0
"1462",2021-01-06,"MOL","50-59",63,91,137,17,0
"1463",2021-01-06,"MOL","60-69",51,59,103,4,3
"1464",2021-01-06,"MOL","70-79",10,14,2,3,19
"1465",2021-01-06,"MOL","80-89",27,62,0,14,75
"1466",2021-01-06,"MOL","90+",19,70,0,5,84
"1467",2021-01-06,"PAB","16-19",0,0,0,0,0
"1468",2021-01-06,"PAB","20-29",1,4,5,0,0
"1469",2021-01-06,"PAB","30-39",2,9,8,3,0
"1470",2021-01-06,"PAB","40-49",5,10,11,4,0
"1471",2021-01-06,"PAB","50-59",6,12,10,8,0
"1472",2021-01-06,"PAB","60-69",3,6,5,4,0
"1473",2021-01-06,"PAB","70-79",2,0,1,1,0
"1474",2021-01-06,"PAB","80-89",0,0,0,0,0
"1475",2021-01-06,"PAB","90+",0,0,0,0,0
"1476",2021-01-06,"PAT","16-19",0,0,0,0,0
"1477",2021-01-06,"PAT","20-29",0,7,7,0,0
"1478",2021-01-06,"PAT","30-39",7,8,15,0,0
"1479",2021-01-06,"PAT","40-49",5,5,10,0,0
"1480",2021-01-06,"PAT","50-59",1,7,8,0,0
"1481",2021-01-06,"PAT","60-69",0,2,2,0,0
"1482",2021-01-06,"PAT","70-79",0,0,0,0,0
"1483",2021-01-06,"PAT","80-89",0,0,0,0,0
"1484",2021-01-06,"PAT","90+",0,0,0,0,0
"1485",2021-01-06,"PIE","16-19",1,9,3,7,0
"1486",2021-01-06,"PIE","20-29",92,172,214,49,1
"1487",2021-01-06,"PIE","30-39",167,261,367,61,0
"1488",2021-01-06,"PIE","40-49",123,390,440,73,0
"1489",2021-01-06,"PIE","50-59",239,612,722,121,8
"1490",2021-01-06,"PIE","60-69",338,293,543,71,17
"1491",2021-01-06,"PIE","70-79",53,25,19,20,39
"1492",2021-01-06,"PIE","80-89",40,76,3,1,112
"1493",2021-01-06,"PIE","90+",19,69,2,0,86
"1494",2021-01-06,"PUG","16-19",0,0,0,0,0
"1495",2021-01-06,"PUG","20-29",90,207,292,4,1
"1496",2021-01-06,"PUG","30-39",251,339,576,11,3
"1497",2021-01-06,"PUG","40-49",273,473,722,19,5
"1498",2021-01-06,"PUG","50-59",419,570,929,29,31
"1499",2021-01-06,"PUG","60-69",348,268,544,29,43
"1500",2021-01-06,"PUG","70-79",38,48,23,2,61
"1501",2021-01-06,"PUG","80-89",28,106,11,0,123
"1502",2021-01-06,"PUG","90+",20,70,2,0,88
"1503",2021-01-06,"SAR","16-19",0,0,0,0,0
"1504",2021-01-06,"SAR","20-29",41,102,134,9,0
"1505",2021-01-06,"SAR","30-39",95,184,268,11,0
"1506",2021-01-06,"SAR","40-49",105,223,301,27,0
"1507",2021-01-06,"SAR","50-59",131,309,397,43,0
"1508",2021-01-06,"SAR","60-69",112,117,206,23,0
"1509",2021-01-06,"SAR","70-79",3,0,3,0,0
"1510",2021-01-06,"SAR","80-89",1,0,1,0,0
"1511",2021-01-06,"SAR","90+",0,0,0,0,0
"1512",2021-01-06,"SIC","16-19",7,6,9,4,0
"1513",2021-01-06,"SIC","20-29",232,319,466,85,0
"1514",2021-01-06,"SIC","30-39",438,489,803,124,0
"1515",2021-01-06,"SIC","40-49",561,635,1039,156,1
"1516",2021-01-06,"SIC","50-59",828,906,1507,227,0
"1517",2021-01-06,"SIC","60-69",997,603,1447,151,2
"1518",2021-01-06,"SIC","70-79",133,45,134,42,2
"1519",2021-01-06,"SIC","80-89",14,11,13,11,1
"1520",2021-01-06,"SIC","90+",1,0,1,0,0
"1521",2021-01-06,"TOS","16-19",4,13,17,0,0
"1522",2021-01-06,"TOS","20-29",332,663,987,3,5
"1523",2021-01-06,"TOS","30-39",269,499,760,1,7
"1524",2021-01-06,"TOS","40-49",230,617,827,1,19
"1525",2021-01-06,"TOS","50-59",269,702,946,2,23
"1526",2021-01-06,"TOS","60-69",207,217,382,2,40
"1527",2021-01-06,"TOS","70-79",73,59,40,0,92
"1528",2021-01-06,"TOS","80-89",51,108,2,0,157
"1529",2021-01-06,"TOS","90+",11,127,1,0,137
"1530",2021-01-06,"UMB","16-19",0,0,0,0,0
"1531",2021-01-06,"UMB","20-29",17,35,52,0,0
"1532",2021-01-06,"UMB","30-39",67,93,160,0,0
"1533",2021-01-06,"UMB","40-49",54,126,180,0,0
"1534",2021-01-06,"UMB","50-59",65,188,253,0,0
"1535",2021-01-06,"UMB","60-69",118,81,199,0,0
"1536",2021-01-06,"UMB","70-79",2,0,2,0,0
"1537",2021-01-06,"UMB","80-89",0,0,0,0,0
"1538",2021-01-06,"UMB","90+",0,0,0,0,0
"1539",2021-01-06,"VDA","16-19",6,1,7,0,0
"1540",2021-01-06,"VDA","20-29",3,4,7,0,0
"1541",2021-01-06,"VDA","30-39",7,3,10,0,0
"1542",2021-01-06,"VDA","40-49",6,6,12,0,0
"1543",2021-01-06,"VDA","50-59",8,1,9,0,0
"1544",2021-01-06,"VDA","60-69",2,2,3,0,1
"1545",2021-01-06,"VDA","70-79",1,1,0,0,2
"1546",2021-01-06,"VDA","80-89",0,7,0,0,7
"1547",2021-01-06,"VDA","90+",1,7,0,0,8
"1548",2021-01-06,"VEN","16-19",5,6,7,4,0
"1549",2021-01-06,"VEN","20-29",280,664,869,67,8
"1550",2021-01-06,"VEN","30-39",443,817,1142,113,5
"1551",2021-01-06,"VEN","40-49",457,1401,1672,168,18
"1552",2021-01-06,"VEN","50-59",547,1858,2084,280,41
"1553",2021-01-06,"VEN","60-69",431,416,683,105,59
"1554",2021-01-06,"VEN","70-79",100,74,53,16,105
"1555",2021-01-06,"VEN","80-89",75,232,2,5,300
"1556",2021-01-06,"VEN","90+",25,239,0,0,264
"1557",2021-01-07,"ABR","16-19",0,0,0,0,0
"1558",2021-01-07,"ABR","20-29",51,129,179,1,0
"1559",2021-01-07,"ABR","30-39",96,204,298,2,0
"1560",2021-01-07,"ABR","40-49",128,328,446,10,0
"1561",2021-01-07,"ABR","50-59",151,361,496,16,0
"1562",2021-01-07,"ABR","60-69",137,121,250,8,0
"1563",2021-01-07,"ABR","70-79",9,1,10,0,0
"1564",2021-01-07,"ABR","80-89",0,0,0,0,0
"1565",2021-01-07,"ABR","90+",0,0,0,0,0
"1566",2021-01-07,"BAS","16-19",0,0,0,0,0
"1567",2021-01-07,"BAS","20-29",14,21,34,1,0
"1568",2021-01-07,"BAS","30-39",36,36,71,0,1
"1569",2021-01-07,"BAS","40-49",61,85,141,3,2
"1570",2021-01-07,"BAS","50-59",91,102,190,2,1
"1571",2021-01-07,"BAS","60-69",109,65,171,1,2
"1572",2021-01-07,"BAS","70-79",8,3,5,1,5
"1573",2021-01-07,"BAS","80-89",5,5,0,0,10
"1574",2021-01-07,"BAS","90+",1,5,0,0,6
"1575",2021-01-07,"CAL","16-19",0,0,0,0,0
"1576",2021-01-07,"CAL","20-29",74,84,128,30,0
"1577",2021-01-07,"CAL","30-39",220,246,434,32,0
"1578",2021-01-07,"CAL","40-49",254,310,487,77,0
"1579",2021-01-07,"CAL","50-59",411,532,851,92,0
"1580",2021-01-07,"CAL","60-69",441,276,650,67,0
"1581",2021-01-07,"CAL","70-79",25,2,26,1,0
"1582",2021-01-07,"CAL","80-89",1,4,3,2,0
"1583",2021-01-07,"CAL","90+",0,0,0,0,0
"1584",2021-01-07,"CAM","16-19",3,2,5,0,0
"1585",2021-01-07,"CAM","20-29",204,354,499,59,0
"1586",2021-01-07,"CAM","30-39",654,813,1285,182,0
"1587",2021-01-07,"CAM","40-49",645,1055,1453,244,3
"1588",2021-01-07,"CAM","50-59",1148,1441,2096,474,19
"1589",2021-01-07,"CAM","60-69",1265,831,1717,353,26
"1590",2021-01-07,"CAM","70-79",157,45,107,19,76
"1591",2021-01-07,"CAM","80-89",48,97,13,10,122
"1592",2021-01-07,"CAM","90+",15,71,1,3,82
"1593",2021-01-07,"EMR","16-19",4,2,2,4,0
"1594",2021-01-07,"EMR","20-29",281,699,699,279,2
"1595",2021-01-07,"EMR","30-39",675,1063,1206,530,2
"1596",2021-01-07,"EMR","40-49",619,1582,1523,672,6
"1597",2021-01-07,"EMR","50-59",693,1882,1741,814,20
"1598",2021-01-07,"EMR","60-69",603,771,847,495,32
"1599",2021-01-07,"EMR","70-79",280,99,101,159,119
"1600",2021-01-07,"EMR","80-89",126,256,9,95,278
"1601",2021-01-07,"EMR","90+",51,290,2,73,266
"1602",2021-01-07,"FVG","16-19",0,2,0,2,0
"1603",2021-01-07,"FVG","20-29",93,180,197,76,0
"1604",2021-01-07,"FVG","30-39",131,247,325,53,0
"1605",2021-01-07,"FVG","40-49",135,345,418,62,0
"1606",2021-01-07,"FVG","50-59",157,404,476,83,2
"1607",2021-01-07,"FVG","60-69",125,126,214,33,4
"1608",2021-01-07,"FVG","70-79",41,12,30,5,18
"1609",2021-01-07,"FVG","80-89",25,22,8,1,38
"1610",2021-01-07,"FVG","90+",10,33,0,0,43
"1611",2021-01-07,"LAZ","16-19",8,10,16,0,2
"1612",2021-01-07,"LAZ","20-29",297,555,793,58,1
"1613",2021-01-07,"LAZ","30-39",490,822,1168,141,3
"1614",2021-01-07,"LAZ","40-49",508,1089,1370,212,15
"1615",2021-01-07,"LAZ","50-59",697,1273,1616,317,37
"1616",2021-01-07,"LAZ","60-69",570,604,991,120,63
"1617",2021-01-07,"LAZ","70-79",98,81,68,17,94
"1618",2021-01-07,"LAZ","80-89",49,158,14,21,172
"1619",2021-01-07,"LAZ","90+",29,104,9,15,109
"1620",2021-01-07,"LIG","16-19",3,2,1,4,0
"1621",2021-01-07,"LIG","20-29",72,167,185,54,0
"1622",2021-01-07,"LIG","30-39",164,250,348,65,1
"1623",2021-01-07,"LIG","40-49",183,477,559,99,2
"1624",2021-01-07,"LIG","50-59",287,654,761,169,11
"1625",2021-01-07,"LIG","60-69",242,218,360,83,17
"1626",2021-01-07,"LIG","70-79",56,51,12,23,72
"1627",2021-01-07,"LIG","80-89",45,148,1,5,187
"1628",2021-01-07,"LIG","90+",27,132,2,0,157
"1629",2021-01-07,"LOM","16-19",3,7,7,3,0
"1630",2021-01-07,"LOM","20-29",355,760,1012,103,0
"1631",2021-01-07,"LOM","30-39",672,1186,1678,180,0
"1632",2021-01-07,"LOM","40-49",668,1725,2119,273,1
"1633",2021-01-07,"LOM","50-59",952,2440,2878,509,5
"1634",2021-01-07,"LOM","60-69",593,686,1067,190,22
"1635",2021-01-07,"LOM","70-79",74,62,51,11,74
"1636",2021-01-07,"LOM","80-89",47,190,2,2,233
"1637",2021-01-07,"LOM","90+",30,189,0,0,219
"1638",2021-01-07,"MAR","16-19",0,0,0,0,0
"1639",2021-01-07,"MAR","20-29",73,146,201,18,0
"1640",2021-01-07,"MAR","30-39",185,271,424,32,0
"1641",2021-01-07,"MAR","40-49",153,352,462,43,0
"1642",2021-01-07,"MAR","50-59",186,409,504,91,0
"1643",2021-01-07,"MAR","60-69",121,129,215,35,0
"1644",2021-01-07,"MAR","70-79",23,1,23,1,0
"1645",2021-01-07,"MAR","80-89",0,0,0,0,0
"1646",2021-01-07,"MAR","90+",0,0,0,0,0
"1647",2021-01-07,"MOL","16-19",0,0,0,0,0
"1648",2021-01-07,"MOL","20-29",14,12,19,7,0
"1649",2021-01-07,"MOL","30-39",30,31,51,10,0
"1650",2021-01-07,"MOL","40-49",32,62,80,14,0
"1651",2021-01-07,"MOL","50-59",52,114,145,20,1
"1652",2021-01-07,"MOL","60-69",45,59,90,6,8
"1653",2021-01-07,"MOL","70-79",11,12,1,1,21
"1654",2021-01-07,"MOL","80-89",16,44,0,3,57
"1655",2021-01-07,"MOL","90+",8,52,0,1,59
"1656",2021-01-07,"PAB","16-19",0,2,0,2,0
"1657",2021-01-07,"PAB","20-29",31,43,55,19,0
"1658",2021-01-07,"PAB","30-39",43,80,100,23,0
"1659",2021-01-07,"PAB","40-49",62,160,176,46,0
"1660",2021-01-07,"PAB","50-59",92,193,184,101,0
"1661",2021-01-07,"PAB","60-69",42,35,56,21,0
"1662",2021-01-07,"PAB","70-79",5,3,2,1,5
"1663",2021-01-07,"PAB","80-89",6,10,0,0,16
"1664",2021-01-07,"PAB","90+",4,3,0,0,7
"1665",2021-01-07,"PAT","16-19",0,2,1,1,0
"1666",2021-01-07,"PAT","20-29",15,80,90,5,0
"1667",2021-01-07,"PAT","30-39",41,70,104,7,0
"1668",2021-01-07,"PAT","40-49",45,112,142,15,0
"1669",2021-01-07,"PAT","50-59",45,127,150,16,6
"1670",2021-01-07,"PAT","60-69",20,45,42,5,18
"1671",2021-01-07,"PAT","70-79",27,44,3,1,67
"1672",2021-01-07,"PAT","80-89",41,136,0,1,176
"1673",2021-01-07,"PAT","90+",15,115,0,0,130
"1674",2021-01-07,"PIE","16-19",11,10,19,2,0
"1675",2021-01-07,"PIE","20-29",164,338,446,56,0
"1676",2021-01-07,"PIE","30-39",313,523,751,85,0
"1677",2021-01-07,"PIE","40-49",298,879,1005,172,0
"1678",2021-01-07,"PIE","50-59",472,1254,1333,393,0
"1679",2021-01-07,"PIE","60-69",325,327,505,140,7
"1680",2021-01-07,"PIE","70-79",49,12,25,18,18
"1681",2021-01-07,"PIE","80-89",29,49,3,2,73
"1682",2021-01-07,"PIE","90+",3,44,1,0,46
"1683",2021-01-07,"PUG","16-19",2,0,2,0,0
"1684",2021-01-07,"PUG","20-29",134,283,408,9,0
"1685",2021-01-07,"PUG","30-39",385,499,847,37,0
"1686",2021-01-07,"PUG","40-49",448,749,1116,79,2
"1687",2021-01-07,"PUG","50-59",623,865,1386,101,1
"1688",2021-01-07,"PUG","60-69",534,384,820,88,10
"1689",2021-01-07,"PUG","70-79",33,31,25,0,39
"1690",2021-01-07,"PUG","80-89",21,89,5,1,104
"1691",2021-01-07,"PUG","90+",12,47,0,0,59
"1692",2021-01-07,"SAR","16-19",0,1,1,0,0
"1693",2021-01-07,"SAR","20-29",79,159,222,16,0
"1694",2021-01-07,"SAR","30-39",186,340,456,70,0
"1695",2021-01-07,"SAR","40-49",215,456,563,108,0
"1696",2021-01-07,"SAR","50-59",277,665,806,136,0
"1697",2021-01-07,"SAR","60-69",205,240,397,48,0
"1698",2021-01-07,"SAR","70-79",4,1,4,1,0
"1699",2021-01-07,"SAR","80-89",0,0,0,0,0
"1700",2021-01-07,"SAR","90+",0,0,0,0,0
"1701",2021-01-07,"SIC","16-19",6,9,10,5,0
"1702",2021-01-07,"SIC","20-29",318,491,712,96,1
"1703",2021-01-07,"SIC","30-39",606,779,1215,170,0
"1704",2021-01-07,"SIC","40-49",730,1033,1460,300,3
"1705",2021-01-07,"SIC","50-59",1072,1341,2009,394,10
"1706",2021-01-07,"SIC","60-69",1019,774,1567,211,15
"1707",2021-01-07,"SIC","70-79",117,37,101,19,34
"1708",2021-01-07,"SIC","80-89",38,72,13,5,92
"1709",2021-01-07,"SIC","90+",9,51,1,2,57
"1710",2021-01-07,"TOS","16-19",7,23,26,0,4
"1711",2021-01-07,"TOS","20-29",291,697,977,1,10
"1712",2021-01-07,"TOS","30-39",297,635,908,9,15
"1713",2021-01-07,"TOS","40-49",326,963,1245,5,39
"1714",2021-01-07,"TOS","50-59",422,1177,1518,9,72
"1715",2021-01-07,"TOS","60-69",264,388,590,6,56
"1716",2021-01-07,"TOS","70-79",45,44,21,0,68
"1717",2021-01-07,"TOS","80-89",43,153,3,0,193
"1718",2021-01-07,"TOS","90+",28,130,1,0,157
"1719",2021-01-07,"UMB","16-19",0,0,0,0,0
"1720",2021-01-07,"UMB","20-29",12,43,55,0,0
"1721",2021-01-07,"UMB","30-39",55,128,183,0,0
"1722",2021-01-07,"UMB","40-49",67,151,215,2,1
"1723",2021-01-07,"UMB","50-59",94,265,338,1,20
"1724",2021-01-07,"UMB","60-69",69,72,105,1,35
"1725",2021-01-07,"UMB","70-79",32,34,3,0,63
"1726",2021-01-07,"UMB","80-89",52,131,0,0,183
"1727",2021-01-07,"UMB","90+",12,105,0,0,117
"1728",2021-01-07,"VDA","16-19",0,0,0,0,0
"1729",2021-01-07,"VDA","20-29",12,14,26,0,0
"1730",2021-01-07,"VDA","30-39",20,30,50,0,0
"1731",2021-01-07,"VDA","40-49",25,50,75,0,0
"1732",2021-01-07,"VDA","50-59",24,56,79,0,1
"1733",2021-01-07,"VDA","60-69",27,13,39,0,1
"1734",2021-01-07,"VDA","70-79",4,2,4,0,2
"1735",2021-01-07,"VDA","80-89",1,1,0,0,2
"1736",2021-01-07,"VDA","90+",0,0,0,0,0
"1737",2021-01-07,"VEN","16-19",0,5,2,3,0
"1738",2021-01-07,"VEN","20-29",242,550,746,46,0
"1739",2021-01-07,"VEN","30-39",326,708,936,96,2
"1740",2021-01-07,"VEN","40-49",376,1173,1314,225,10
"1741",2021-01-07,"VEN","50-59",542,1595,1723,382,32
"1742",2021-01-07,"VEN","60-69",352,428,581,88,111
"1743",2021-01-07,"VEN","70-79",158,199,33,10,314
"1744",2021-01-07,"VEN","80-89",180,563,4,7,732
"1745",2021-01-07,"VEN","90+",60,538,2,0,596
"1746",2021-01-08,"ABR","16-19",0,0,0,0,0
"1747",2021-01-08,"ABR","20-29",44,96,140,0,0
"1748",2021-01-08,"ABR","30-39",97,186,277,6,0
"1749",2021-01-08,"ABR","40-49",119,271,382,8,0
"1750",2021-01-08,"ABR","50-59",139,359,480,18,0
"1751",2021-01-08,"ABR","60-69",125,183,302,6,0
"1752",2021-01-08,"ABR","70-79",14,3,13,4,0
"1753",2021-01-08,"ABR","80-89",1,1,2,0,0
"1754",2021-01-08,"ABR","90+",0,0,0,0,0
"1755",2021-01-08,"BAS","16-19",0,0,0,0,0
"1756",2021-01-08,"BAS","20-29",4,5,8,1,0
"1757",2021-01-08,"BAS","30-39",14,32,44,2,0
"1758",2021-01-08,"BAS","40-49",26,37,51,11,1
"1759",2021-01-08,"BAS","50-59",32,51,76,6,1
"1760",2021-01-08,"BAS","60-69",59,43,96,3,3
"1761",2021-01-08,"BAS","70-79",3,4,0,0,7
"1762",2021-01-08,"BAS","80-89",3,13,0,0,16
"1763",2021-01-08,"BAS","90+",2,9,0,0,11
"1764",2021-01-08,"CAL","16-19",0,0,0,0,0
"1765",2021-01-08,"CAL","20-29",23,33,46,10,0
"1766",2021-01-08,"CAL","30-39",94,91,171,14,0
"1767",2021-01-08,"CAL","40-49",111,160,237,34,0
"1768",2021-01-08,"CAL","50-59",203,226,391,38,0
"1769",2021-01-08,"CAL","60-69",179,145,302,22,0
"1770",2021-01-08,"CAL","70-79",21,3,23,1,0
"1771",2021-01-08,"CAL","80-89",1,0,1,0,0
"1772",2021-01-08,"CAL","90+",0,0,0,0,0
"1773",2021-01-08,"CAM","16-19",1,7,4,4,0
"1774",2021-01-08,"CAM","20-29",413,576,774,214,1
"1775",2021-01-08,"CAM","30-39",810,933,1385,358,0
"1776",2021-01-08,"CAM","40-49",932,1293,1687,533,5
"1777",2021-01-08,"CAM","50-59",1224,1521,2073,662,10
"1778",2021-01-08,"CAM","60-69",1318,890,1734,453,21
"1779",2021-01-08,"CAM","70-79",160,63,122,62,39
"1780",2021-01-08,"CAM","80-89",34,73,13,15,79
"1781",2021-01-08,"CAM","90+",10,48,0,2,56
"1782",2021-01-08,"EMR","16-19",4,3,3,4,0
"1783",2021-01-08,"EMR","20-29",315,730,694,351,0
"1784",2021-01-08,"EMR","30-39",581,1071,1131,520,1
"1785",2021-01-08,"EMR","40-49",618,1480,1451,644,3
"1786",2021-01-08,"EMR","50-59",661,1908,1672,883,14
"1787",2021-01-08,"EMR","60-69",656,768,828,542,54
"1788",2021-01-08,"EMR","70-79",251,125,128,137,111
"1789",2021-01-08,"EMR","80-89",113,237,12,73,265
"1790",2021-01-08,"EMR","90+",42,251,1,54,238
"1791",2021-01-08,"FVG","16-19",1,1,1,1,0
"1792",2021-01-08,"FVG","20-29",99,198,186,110,1
"1793",2021-01-08,"FVG","30-39",122,198,264,56,0
"1794",2021-01-08,"FVG","40-49",115,332,378,69,0
"1795",2021-01-08,"FVG","50-59",129,407,439,89,8
"1796",2021-01-08,"FVG","60-69",141,126,226,30,11
"1797",2021-01-08,"FVG","70-79",63,34,44,9,44
"1798",2021-01-08,"FVG","80-89",22,67,3,0,86
"1799",2021-01-08,"FVG","90+",10,81,0,1,90
"1800",2021-01-08,"LAZ","16-19",5,18,21,2,0
"1801",2021-01-08,"LAZ","20-29",310,554,798,60,6
"1802",2021-01-08,"LAZ","30-39",440,760,1040,152,8
"1803",2021-01-08,"LAZ","40-49",449,952,1177,191,33
"1804",2021-01-08,"LAZ","50-59",610,1087,1398,244,55
"1805",2021-01-08,"LAZ","60-69",534,492,817,116,93
"1806",2021-01-08,"LAZ","70-79",113,87,41,36,123
"1807",2021-01-08,"LAZ","80-89",81,208,11,27,251
"1808",2021-01-08,"LAZ","90+",19,140,0,2,157
"1809",2021-01-08,"LIG","16-19",4,6,4,6,0
"1810",2021-01-08,"LIG","20-29",84,148,172,59,1
"1811",2021-01-08,"LIG","30-39",135,216,291,57,3
"1812",2021-01-08,"LIG","40-49",188,373,457,86,18
"1813",2021-01-08,"LIG","50-59",252,606,723,112,23
"1814",2021-01-08,"LIG","60-69",207,216,325,82,16
"1815",2021-01-08,"LIG","70-79",50,24,12,18,44
"1816",2021-01-08,"LIG","80-89",36,86,2,5,115
"1817",2021-01-08,"LIG","90+",11,95,0,0,106
"1818",2021-01-08,"LOM","16-19",4,3,2,5,0
"1819",2021-01-08,"LOM","20-29",362,879,1087,154,0
"1820",2021-01-08,"LOM","30-39",664,1256,1702,217,1
"1821",2021-01-08,"LOM","40-49",700,1869,2245,323,1
"1822",2021-01-08,"LOM","50-59",900,2662,3042,515,5
"1823",2021-01-08,"LOM","60-69",604,650,1070,172,12
"1824",2021-01-08,"LOM","70-79",89,40,77,25,27
"1825",2021-01-08,"LOM","80-89",34,94,5,2,121
"1826",2021-01-08,"LOM","90+",11,73,0,1,83
"1827",2021-01-08,"MAR","16-19",0,1,0,1,0
"1828",2021-01-08,"MAR","20-29",58,119,163,14,0
"1829",2021-01-08,"MAR","30-39",138,196,297,33,4
"1830",2021-01-08,"MAR","40-49",123,254,315,54,8
"1831",2021-01-08,"MAR","50-59",133,312,350,87,8
"1832",2021-01-08,"MAR","60-69",104,98,169,30,3
"1833",2021-01-08,"MAR","70-79",31,1,27,4,1
"1834",2021-01-08,"MAR","80-89",3,0,1,1,1
"1835",2021-01-08,"MAR","90+",1,0,1,0,0
"1836",2021-01-08,"MOL","16-19",0,1,0,1,0
"1837",2021-01-08,"MOL","20-29",5,4,3,5,1
"1838",2021-01-08,"MOL","30-39",11,17,20,6,2
"1839",2021-01-08,"MOL","40-49",20,45,45,18,2
"1840",2021-01-08,"MOL","50-59",38,82,85,31,4
"1841",2021-01-08,"MOL","60-69",42,57,79,12,8
"1842",2021-01-08,"MOL","70-79",3,7,2,1,7
"1843",2021-01-08,"MOL","80-89",14,37,0,1,50
"1844",2021-01-08,"MOL","90+",7,39,0,0,46
"1845",2021-01-08,"PAB","16-19",1,1,0,2,0
"1846",2021-01-08,"PAB","20-29",22,58,61,19,0
"1847",2021-01-08,"PAB","30-39",60,100,139,21,0
"1848",2021-01-08,"PAB","40-49",71,176,196,51,0
"1849",2021-01-08,"PAB","50-59",99,193,203,87,2
"1850",2021-01-08,"PAB","60-69",37,60,62,27,8
"1851",2021-01-08,"PAB","70-79",15,6,6,0,15
"1852",2021-01-08,"PAB","80-89",11,19,1,0,29
"1853",2021-01-08,"PAB","90+",4,21,0,0,25
"1854",2021-01-08,"PIE","16-19",6,1,6,1,0
"1855",2021-01-08,"PIE","20-29",175,372,462,84,1
"1856",2021-01-08,"PIE","30-39",308,550,736,122,0
"1857",2021-01-08,"PIE","40-49",336,842,964,213,1
"1858",2021-01-08,"PIE","50-59",436,1210,1241,399,6
"1859",2021-01-08,"PIE","60-69",317,360,512,155,10
"1860",2021-01-08,"PIE","70-79",61,28,34,18,37
"1861",2021-01-08,"PIE","80-89",29,84,6,1,106
"1862",2021-01-08,"PIE","90+",8,40,2,1,45
"1863",2021-01-08,"PUG","16-19",1,0,1,0,0
"1864",2021-01-08,"PUG","20-29",180,282,439,23,0
"1865",2021-01-08,"PUG","30-39",307,492,737,62,0
"1866",2021-01-08,"PUG","40-49",366,625,906,84,1
"1867",2021-01-08,"PUG","50-59",523,824,1219,125,3
"1868",2021-01-08,"PUG","60-69",453,374,765,53,9
"1869",2021-01-08,"PUG","70-79",33,19,17,6,29
"1870",2021-01-08,"PUG","80-89",34,72,3,0,103
"1871",2021-01-08,"PUG","90+",18,57,1,0,74
"1872",2021-01-08,"SAR","16-19",1,0,1,0,0
"1873",2021-01-08,"SAR","20-29",93,189,260,22,0
"1874",2021-01-08,"SAR","30-39",217,364,528,53,0
"1875",2021-01-08,"SAR","40-49",224,469,613,80,0
"1876",2021-01-08,"SAR","50-59",380,701,975,106,0
"1877",2021-01-08,"SAR","60-69",246,268,462,52,0
"1878",2021-01-08,"SAR","70-79",21,3,20,4,0
"1879",2021-01-08,"SAR","80-89",0,1,0,1,0
"1880",2021-01-08,"SAR","90+",0,1,1,0,0
"1881",2021-01-08,"SIC","16-19",7,5,9,3,0
"1882",2021-01-08,"SIC","20-29",243,339,480,102,0
"1883",2021-01-08,"SIC","30-39",489,611,899,201,0
"1884",2021-01-08,"SIC","40-49",678,936,1277,336,1
"1885",2021-01-08,"SIC","50-59",976,1261,1793,439,5
"1886",2021-01-08,"SIC","60-69",833,659,1283,196,13
"1887",2021-01-08,"SIC","70-79",148,46,141,35,18
"1888",2021-01-08,"SIC","80-89",26,51,11,17,49
"1889",2021-01-08,"SIC","90+",15,24,2,4,33
"1890",2021-01-08,"TOS","16-19",6,18,24,0,0
"1891",2021-01-08,"TOS","20-29",377,873,1243,3,4
"1892",2021-01-08,"TOS","30-39",279,672,931,8,12
"1893",2021-01-08,"TOS","40-49",267,888,1125,8,22
"1894",2021-01-08,"TOS","50-59",325,1140,1421,15,29
"1895",2021-01-08,"TOS","60-69",227,318,510,3,32
"1896",2021-01-08,"TOS","70-79",49,33,24,0,58
"1897",2021-01-08,"TOS","80-89",35,96,5,0,126
"1898",2021-01-08,"TOS","90+",14,84,0,0,98
"1899",2021-01-08,"UMB","16-19",0,0,0,0,0
"1900",2021-01-08,"UMB","20-29",20,45,65,0,0
"1901",2021-01-08,"UMB","30-39",53,116,165,2,2
"1902",2021-01-08,"UMB","40-49",61,137,196,0,2
"1903",2021-01-08,"UMB","50-59",72,225,279,6,12
"1904",2021-01-08,"UMB","60-69",68,86,143,0,11
"1905",2021-01-08,"UMB","70-79",20,21,1,2,38
"1906",2021-01-08,"UMB","80-89",27,61,0,0,88
"1907",2021-01-08,"UMB","90+",11,38,0,0,49
"1908",2021-01-08,"VDA","16-19",2,2,4,0,0
"1909",2021-01-08,"VDA","20-29",11,21,32,0,0
"1910",2021-01-08,"VDA","30-39",21,31,50,0,2
"1911",2021-01-08,"VDA","40-49",21,36,56,0,1
"1912",2021-01-08,"VDA","50-59",25,55,75,0,5
"1913",2021-01-08,"VDA","60-69",22,14,36,0,0
"1914",2021-01-08,"VDA","70-79",21,3,21,0,3
"1915",2021-01-08,"VDA","80-89",5,4,1,0,8
"1916",2021-01-08,"VDA","90+",2,3,0,0,5
"1917",2021-01-08,"VEN","16-19",2,5,3,2,2
"1918",2021-01-08,"VEN","20-29",279,600,747,110,22
"1919",2021-01-08,"VEN","30-39",388,823,1020,176,15
"1920",2021-01-08,"VEN","40-49",457,1396,1478,340,35
"1921",2021-01-08,"VEN","50-59",643,1930,1945,522,106
"1922",2021-01-08,"VEN","60-69",557,583,768,182,190
"1923",2021-01-08,"VEN","70-79",169,171,62,15,263
"1924",2021-01-08,"VEN","80-89",152,393,6,10,529
"1925",2021-01-08,"VEN","90+",56,395,1,0,450
